Country Name,Country Code,Series Name,Series Code,1999 [YR1999],2000 [YR2000],2001 [YR2001],2002 [YR2002],2003 [YR2003],2004 [YR2004],2005 [YR2005],2006 [YR2006],2007 [YR2007],2008 [YR2008],2009 [YR2009],2010 [YR2010],2011 [YR2011],2012 [YR2012],2013 [YR2013],2014 [YR2014],2015 [YR2015],2016 [YR2016],2017 [YR2017],2018 [YR2018],2019 [YR2019],2020 [YR2020]
Afghanistan,AFG,Trade (% of GDP),NE.TRD.GNFS.ZS,..,..,..,..,..,..,..,..,..,..,..,..,..,..,..,..,..,..,..,..,..,..
Albania,ALB,Trade (% of GDP),NE.TRD.GNFS.ZS,51.0111010608718,63.4542380063455,66.4910446789301,68.525131284197,67.0206365437758,67.0471468695653,70.8723046407458,74.2670943336644,83.2020614301136,77.451702570812,75.0948401942781,76.5434094756067,81.2185485601651,76.5101740083204,75.8737816632559,75.4078340584307,71.801040129135,74.8098214119328,78.1942750821788,76.8558877534769,76.8914950284438,..
Algeria,DZA,Trade (% of GDP),NE.TRD.GNFS.ZS,50.9291093379713,62.8583588799162,58.7061503427634,61.1342119983992,62.1247612008556,65.7014218464212,71.2785821079277,70.730004115678,71.9381059691824,76.6845389964832,71.3243233916123,69.8666437839191,67.4743063575078,65.4049791981269,63.6108236711147,62.4143163733597,59.6951664603023,55.9256681964864,55.321332683485,57.8986226487974,52.0263555949345,..
American Samoa,ASM,Trade (% of GDP),NE.TRD.GNFS.ZS,..,..,..,209.533073929961,205.692599620493,200.5859375,221.073558648111,227.620967741935,216.538461538462,247.779751332149,160.176991150442,156.423611111111,155.749128919861,174.689440993789,171.294851794072,172.118380062305,164.145234493192,162.883435582822,162.458471760797,168.238993710692,..,..
Andorra,AND,Trade (% of GDP),NE.TRD.GNFS.ZS,..,..,..,..,..,..,..,..,..,..,..,..,..,..,..,..,..,..,..,..,..,..
Angola,AGO,Trade (% of GDP),NE.TRD.GNFS.ZS,..,152.547109454858,150.335794690093,105.301742600149,103.901226814948,103.579924362095,106.590962129525,94.6251593320477,108.060067893978,121.36470790564,122.446142344145,104.123629959119,99.9825078537909,91.8000986064676,86.8119307833605,79.3329275092697,62.8885207850511,53.3701552785467,52.256821448818,66.3780119350296,68.8502850634669,..
Antigua and Barbuda,ATG,Trade (% of GDP),NE.TRD.GNFS.ZS,193.335073523014,173.368590892793,172.437884606487,163.90534966323,171.675453126149,181.156297945854,175.749456915279,170.266405177737,165.314787907856,165.809271759493,151.087444858872,152.845890201161,152.375619380001,151.528152451032,156.211303767191,156.154794504309,139.786704053953,136.872934273148,133.585128445783,141.198998719561,..,..
Argentina,ARG,Trade (% of GDP),NE.TRD.GNFS.ZS,21.3827449624898,22.6224447777343,21.8522554515453,41.7527243585642,40.6447480311085,40.692646108947,40.5512709706238,40.4334798719151,40.945170618571,40.4026733790382,34.0571269054879,34.9710132635696,35.2061549999644,30.5265423717108,29.3339290021037,28.4067936452275,22.4862260889792,26.0938878488799,25.2896011376345,31.1749415367593,32.6276437331024,..
Armenia,ARM,Trade (% of GDP),NE.TRD.GNFS.ZS,70.5604791440404,72.2333302273367,69.8642663925336,73.9845018432309,80.0513676022426,73.0706339919371,70.1397385835334,61.0301379818566,56.9750470853147,54.5423279613666,57.2742357441995,64.642975973633,69.4355736620453,75.9616759606704,77.5550481598824,75.778866962639,71.6820743427575,76.0779674593548,87.202376539837,92.473107021212,95.7371808943261,..
Aruba,ABW,Trade (% of GDP),NE.TRD.GNFS.ZS,164.569153093089,145.073177713897,139.045679371545,134.302158273381,133.969043670536,133.642516921534,146.500479386385,143.963133640553,142.960905789361,145.889295889296,140.062597809077,138.607151203552,151.599474145486,147.674674895305,163.482216708023,162.565656565657,147.665518561041,142.135995479375,144.964357521477,..,..,..
Australia,AUS,Trade (% of GDP),NE.TRD.GNFS.ZS,39.1346484106034,41.0290111758291,44.3652083634724,41.5572758742756,40.2961446264483,37.1207343685942,39.2711826369216,41.6042270907138,42.0514396834877,42.8703326982714,45.7979042094362,40.6496717288741,41.9067330593482,43.2103466719308,41.2084303462784,42.506490337998,41.4943730799132,40.7776414241103,41.8187203488936,43.2626476825205,45.7104594710859,..
Austria,AUT,Trade (% of GDP),NE.TRD.GNFS.ZS,78.2601403439716,85.3604956179232,87.5366647639352,86.9481679996606,86.3873824162825,90.7923456929297,94.0338056833054,98.0883112053436,100.733254061926,102.073682731706,87.0622309742796,99.0197962369563,105.102788629725,105.152177427838,104.066414086373,103.503535251069,102.42731538918,100.982078278741,104.944224211506,108.110820195531,107.779781982421,..
Azerbaijan,AZE,Trade (% of GDP),NE.TRD.GNFS.ZS,69.8259648751026,78.5485682796041,78.8151854917601,92.8181443298969,107.551948506262,121.507115894117,115.841884607706,105.262399846369,96.6418081486575,89.2428968637573,74.7440416836369,74.9859884610856,80.5080450059522,78.263069540422,74.6758447629851,69.4832251953347,72.6015079073189,90.0773187345677,90.4023156823216,91.6725765369825,86.0438780132467,..
"Bahamas, The",BHS,Trade (% of GDP),NE.TRD.GNFS.ZS,75.7027383336782,79.6449438925669,72.5008806383396,70.2779817050926,71.063540505226,76.0019833710461,81.3962709176308,87.5507143032777,88.0128155625079,87.4292228766863,76.5210439633098,78.6756024311196,88.3336891598687,84.2507345739471,84.9352787555354,86.7732819755931,76.1732759504048,73.9212809657543,76.3391963620934,77.7977438354797,75.9198161840516,..
Bahrain,BHR,Trade (% of GDP),NE.TRD.GNFS.ZS,141.831698808263,135.809135327865,127.026266277537,131.133634216392,128.091582155216,140.737310039923,148.313525108923,147.104181068989,137.785050572304,145.882511145821,117.963725409489,120.472394522656,174.155268022181,185.884650580276,191.872554115951,175.567836938356,154.931374967452,139.620555512011,143.086667256454,151.404854301726,..,..
Bangladesh,BGD,Trade (% of GDP),NE.TRD.GNFS.ZS,28.3879405571158,29.3217143619038,32.0980170730117,28.9673807211649,27.657884900158,26.8582341492431,34.396934864465,38.1119244325921,39.9423826531735,42.6209140325589,40.092796223023,37.8028426708321,47.4208498356898,48.1109227476789,46.2964027239758,44.5140801968096,42.0859963070382,37.9542963529911,35.3040000906967,38.2448929879071,36.7592997489934,..
Barbados,BRB,Trade (% of GDP),NE.TRD.GNFS.ZS,88.1910055583628,90.5785259029253,86.3627434932067,83.4717527764365,90.0919146284468,92.0467411815938,97.616180128289,102.445409602845,99.3183985879332,102.31187460815,89.384604187661,95.9088587196468,93.4739055287171,89.7597885032538,87.8842206542656,85.3479963802832,84.5313987274655,85.2671231884058,82.9143009240659,80.992899832891,83.6916711460933,..
Belarus,BLR,Trade (% of GDP),NE.TRD.GNFS.ZS,120.835117829629,141.609165955024,137.044930473063,131.002058282291,134.141852273225,142.136510387704,118.88435169233,124.295103889386,128.153877979073,129.599478545475,108.63564482836,115.917972989303,157.974255073313,153.085269313372,119.815965235724,110.651424367582,115.914826201946,125.209322899662,133.367754723012,139.393736250171,133.345989479484,..
Belgium,BEL,Trade (% of GDP),NE.TRD.GNFS.ZS,125.169990540949,142.230135067034,139.576839834619,136.085149488081,132.715552833888,136.918405348432,144.529050669983,149.567509299511,152.468446875303,161.088447790447,135.406040531897,149.997673074386,161.493723664633,160.746030229324,157.850845041743,158.783215919076,154.192546509323,157.66502598438,165.34775639333,166.237087316477,163.057248868288,..
Belize,BLZ,Trade (% of GDP),NE.TRD.GNFS.ZS,121.672855680655,126.648680968692,120.447711176369,119.654899735149,119.954331469243,109.747995434441,118.649512272583,123.525558815023,124.131947939604,133.711965811966,109.456551279132,117.700446558234,126.947706736035,128.256369426752,131.953821071293,127.588302862641,125.076809954751,114.21419356656,113.411093869106,115.710263467294,115.710072006289,..
Benin,BEN,Trade (% of GDP),NE.TRD.GNFS.ZS,54.3917891538957,47.3481515012844,48.2571706392197,43.7684225364311,41.6162305574334,39.9029743365096,39.0959311879142,39.7746987128551,49.1137841529705,47.7753592695168,44.7026290629806,51.4308599492924,47.2170288118403,50.7367367791134,59.2001918331875,65.2682749404551,56.7563131849476,58.9869283378276,61.4765969582555,61.8447185146293,63.6813323140356,..
Bermuda,BMU,Trade (% of GDP),NE.TRD.GNFS.ZS,..,..,..,..,..,..,..,..,..,..,..,74.595080341836,76.2704368073774,73.7823030616219,76.2701066974999,76.5167474588353,73.2954985174785,72.7499093828891,72.3924284503794,77.121210841865,75.8610539418633,..
Bhutan,BTN,Trade (% of GDP),NE.TRD.GNFS.ZS,81.8156737632596,80.3534551450573,76.4274859327885,75.4770985277337,78.6308037285846,95.944310220905,105.524232171015,116.549782379648,114.933803232835,109.403262505268,109.569557994505,115.924496111725,114.400833381894,104.186841823183,105.199306422113,98.3090980229276,102.19172813722,85.4050533707323,82.8098445212442,86.7049037955487,84.3588359248042,..
Bolivia,BOL,Trade (% of GDP),NE.TRD.GNFS.ZS,44.1682546423174,45.5977751096643,45.2278213515973,49.350260466538,51.9678351389575,57.4642663162886,67.6419424916322,74.5378491112511,76.0619116458958,82.8670211992063,68.6270745184224,75.5116262748178,82.4803954358249,84.9487611763793,81.2309075717955,85.2644695961247,67.9328451869265,56.4010345064908,56.7046527339133,57.1099646333271,56.3973067329667,..
Bosnia and Herzegovina,BIH,Trade (% of GDP),NE.TRD.GNFS.ZS,121.820541564193,104.192438189751,104.318900119379,95.2784791259677,113.4597628404,94.6550259619736,103.26487213645,98.0435219944544,83.5518574069494,86.1628773169201,73.7474978345482,80.9682123203619,87.8363496197781,88.1451116227118,87.9312420585364,90.5522811565311,89.3225113359819,89.2672564560604,97.8741746500704,99.2240210426498,95.2585270776408,..
Botswana,BWA,Trade (% of GDP),NE.TRD.GNFS.ZS,98.9290812021418,91.924729689918,87.5250655680957,91.8357740585774,85.8340425151264,90.9978228872631,88.5053520573505,86.3345889171215,95.1046388023392,96.715910335632,86.6860199052182,94.8997953386803,103.545577877685,110.654895009555,122.553556816621,113.884692636259,105.934873372758,96.7621613234441,75.6021758200002,79.5077883744202,74.1107590153163,..
Brazil,BRA,Trade (% of GDP),NE.TRD.GNFS.ZS,20.9821664782285,22.6397613567941,26.936285022064,27.6183574022309,28.1403847231593,29.6782524787535,27.0867952089385,26.0416998822356,25.2926113700037,27.2575694188187,22.1059755993695,22.7721781120049,23.934410646605,25.1142943781206,25.7859760796861,24.68540581659,26.9536426160569,24.5336980295177,24.3277137261615,29.3977825566287,28.9766236459153,..
British Virgin Islands,VGB,Trade (% of GDP),NE.TRD.GNFS.ZS,..,..,..,..,..,..,..,..,..,..,..,..,..,..,..,..,..,..,..,..,..,..
Brunei Darussalam,BRN,Trade (% of GDP),NE.TRD.GNFS.ZS,104.219571630114,103.171625469555,108.718870678156,108.747969082215,105.258467568502,100.589570685232,97.4576166216243,96.9411493596989,95.7504672644039,105.913844072184,108.572636487672,95.3689459604066,99.5365403596103,105.641023977752,110.936878837404,102.420968814048,89.893790077624,87.3182670815342,85.1767490461377,93.896319873231,108.509658357959,..
Bulgaria,BGR,Trade (% of GDP),NE.TRD.GNFS.ZS,90.0749760451372,77.7457069237525,79.0813687477668,75.2696110143524,79.0138810581269,93.0638911878994,99.7142133335392,111.04746275381,123.609646159658,124.785885742919,92.6926468702512,103.67486497353,117.82799141172,124.49021905247,130.061302046188,130.589266454695,126.983273760891,123.139273077146,130.224304689056,129.088387638043,125.172532869676,..
Burkina Faso,BFA,Trade (% of GDP),NE.TRD.GNFS.ZS,35.2548157814824,35.1229419704263,31.6581708148511,31.3125228527966,30.3682364077323,35.4809436017462,34.1721697681049,35.1065423554549,33.7797172895073,35.3853169801502,40.2959836735924,49.0732385398039,57.4972531038508,61.2386079818398,64.0358513024234,58.8235624937426,59.0891813101662,57.8931727994406,59.2687802020168,60.3032990068569,56.7252602906424,..
Burundi,BDI,Trade (% of GDP),NE.TRD.GNFS.ZS,23.5397452788757,22.5537244890286,20.9640456147222,21.6738294069666,27.3763120796107,31.5761181816532,35.1,42.4,38.7999987731993,47.1999995814014,35.8000035591914,39.5000053977394,43.0000028373483,43.6999890071038,46.6000131147541,41.7576921762705,32.5419541361693,31.7442237764751,34.3962372025288,39.2100430604203,41.857360239639,..
Cabo Verde,CPV,Trade (% of GDP),NE.TRD.GNFS.ZS,80.9690199640443,87.5206083614917,92.1637224974152,101.089702293616,98.7683808076547,101.567169989502,104.343839857053,117.816697232822,102.224241904925,99.984369520233,88.0372351878299,94.438345997315,99.8491499689029,100.277141835777,95.3390887796444,101.046439747406,104.066088981317,104.191861718882,113.30316650214,117.274673381671,116.214528584601,..
Cambodia,KHM,Trade (% of GDP),NE.TRD.GNFS.ZS,94.1768880777248,110.885295448284,113.743477123148,119.692936082198,123.080812205448,134.511417364277,136.831930064782,144.614453506074,138.26814686973,133.320259380131,105.138475373852,113.603718236027,113.581843528741,120.597437504514,130.046486672574,129.61223231027,127.86406699658,126.950028975988,124.787773548276,124.898612832521,123.55652376833,..
Cameroon,CMR,Trade (% of GDP),NE.TRD.GNFS.ZS,40.3668534421496,50.8528689657817,54.1251163572898,51.8428176260065,46.6414843441063,46.9350778401445,50.9685648032125,51.947128198212,58.4931759506943,61.9795982561109,47.7725181981599,49.1238553054146,56.9362989131295,56.3871141595805,55.6054771582752,55.0647944776196,49.8692069982459,43.2045179184235,41.1899669442148,43.0113824642548,44.8677212238389,..
Canada,CAN,Trade (% of GDP),NE.TRD.GNFS.ZS,80.390917290718,83.0416470500724,78.6210494473939,75.9765841748973,70.0872658693755,70.432075626193,69.9828796608112,68.2513217000054,66.4573075094755,67.1905466860828,58.6224650926874,60.3499363166922,62.6449640153634,62.5955489395005,62.2310749013405,64.3786621564923,66.1649020669781,65.3636845215556,65.0337418914608,66.1132735213071,64.9767044956374,..
Cayman Islands,CYM,Trade (% of GDP),NE.TRD.GNFS.ZS,..,..,..,..,..,..,..,..,..,..,..,..,..,..,..,..,..,..,..,..,..,..
Central African Republic,CAF,Trade (% of GDP),NE.TRD.GNFS.ZS,43.212343897896,45.6597819937269,39.7304997372329,36.1085647794782,36.2312260023474,33.2439549188203,35.0709368656226,36.3958702287378,37.5808990187896,34.4375218095517,31.4942464896799,34.4304819543042,34.4756183327299,33.0594485943314,38.3992875721315,53.0950920179825,53.1451477769621,50.53064402191,57.1435457117119,65.8636468647533,66.135130443945,..
Chad,TCD,Trade (% of GDP),NE.TRD.GNFS.ZS,50.5078677642823,51.5711720135652,64.3219080406854,126.350807849912,83.3789149599315,101.768590921564,85.8467450268875,95.9132286345796,84.7310238635539,80.2896664151306,77.1094643663715,80.3907092891162,80.6810748936415,80.5756196842099,72.6489157572057,76.6265231668971,66.5641643497065,63.2969251336898,73.5750081822223,74.2047537321657,74.5705255558558,..
Channel Islands,CHI,Trade (% of GDP),NE.TRD.GNFS.ZS,..,..,..,..,..,..,..,..,..,..,..,..,..,..,..,..,..,..,..,..,..,..
Chile,CHL,Trade (% of GDP),NE.TRD.GNFS.ZS,55.3472671124937,59.3158221071443,63.1431262130829,63.393725493721,66.3162866211741,69.733663353112,71.6167608730547,73.0986510802446,76.4074154996552,80.7897734291479,66.3372029179199,69.0637159959816,72.2056659465459,68.2718463999307,64.97347660553,65.2725878378209,58.9722752972023,55.6880414942094,55.6556655521952,57.3516466624662,56.7617888231289,..
China,CHN,Trade (% of GDP),NE.TRD.GNFS.ZS,33.5245667311661,39.4105387873795,38.5273592759292,42.7474036337363,51.803987999976,59.505524224399,62.2078928661672,64.4788839037687,62.1933634767067,57.6127153433256,45.1848703785545,50.7170776627367,50.740904586359,48.2675223673812,46.7443755773118,44.9052159543502,39.4641693352447,36.8944150168357,37.6324132404996,37.4562435729627,35.8374138163488,..
Colombia,COL,Trade (% of GDP),NE.TRD.GNFS.ZS,36.1492793141794,32.6670854693067,33.9011117949445,32.9826392144234,36.51618351723,35.8634269337995,37.422697494955,39.6413559606293,37.0988970982903,39.1676494164355,35.1561285074585,34.2646031687681,39.4704235545367,38.835151018669,37.9866487978457,37.4874656411103,38.3607641184453,36.202652984202,35.2829149424588,36.5618892194281,37.7090933870031,..
Comoros,COM,Trade (% of GDP),NE.TRD.GNFS.ZS,35.7571570936764,35.7574785467961,35.7572288808942,35.7571190715765,35.7569591302191,35.7570631161898,35.7574093340398,35.7572745643301,33.1561792127495,36.2185263542809,37.8969223253542,39.5501369651607,40.0009955862344,40.8104189375399,39.2432952739814,39.2358231954392,37.8049520714563,37.1328797158337,40.164358921352,43.0945213236163,42.0756671946428,..
"Congo, Dem. Rep.",COD,Trade (% of GDP),NE.TRD.GNFS.ZS,41.1776608191529,27.0144029227569,25.0419375138391,29.3168456429821,54.0313561776419,49.3364146254994,52.3146046950079,47.9632596230374,80.1420550528087,83.7722916477706,62.9468793647405,90.7476102952768,85.1981441945765,68.3517113979555,77.4659451458626,78.6901501261946,59.3324309643087,55.9252102636584,74.2913796171954,72.2895757408597,63.173840802806,..
"Congo, Rep.",COG,Trade (% of GDP),NE.TRD.GNFS.ZS,131.394190298765,123.909884405671,130.732481081873,135.45607107226,156.861777335368,131.368198717322,119.552892262402,125.600762974491,148.586625395069,133.108486659608,135.552365681975,124.064754399607,124.591742710141,97.444435145443,93.0029761335686,104.993278063571,122.047061795712,129.308888523342,112.176321671401,121.38218231551,122.249429573154,..
Costa Rica,CRI,Trade (% of GDP),NE.TRD.GNFS.ZS,87.903940803494,86.8960098154768,81.1718888800444,80.7746061687697,83.694777099792,85.6321206563317,89.6358585015065,90.2628523335847,86.9115336752236,86.9344295868602,70.1778204869585,68.2185760468363,69.4510688833182,68.1445367713398,65.618374542571,67.0455482227914,62.518296398852,63.9275351988347,65.8144121143357,66.6946767479289,66.0225000884947,..
Cote d'Ivoire,CIV,Trade (% of GDP),NE.TRD.GNFS.ZS,76.5400012545461,74.6378042390658,73.550352010792,79.863664099092,75.2674905538341,84.6066873554965,93.9226377104127,95.0697299543571,89.4376314162758,87.2748533375614,90.7792297291403,93.9594342201443,91.1548311894458,93.6744757762067,80.1268296365365,73.6452482139772,52.7157827893591,47.5156025529806,48.5407783205547,46.0674863772771,46.4009144551692,..
Croatia,HRV,Trade (% of GDP),NE.TRD.GNFS.ZS,66.7675840833408,75.151002419445,80.1125329338892,81.938921261654,82.251854219906,82.4167061258976,82.2604373041509,84.3952952098377,84.2046393728707,83.0676643908534,70.9411958924021,73.9011973201965,79.227980935668,80.5713088818535,82.6886921902069,86.9701340098697,92.5432139719747,94.1203758266247,99.1495932321043,101.248016262668,104.170991548139,..
Cuba,CUB,Trade (% of GDP),NE.TRD.GNFS.ZS,31.8689322462587,31.0759878817225,29.3610963815873,24.7293133475239,26.5871335777077,31.3114153338743,39.3613744331974,37.1880142882062,37.9676096642032,44.917220748508,32.9139819587629,40.2919413008332,46.9604290476881,45.8662036340766,44.3238969253902,39.274201547312,31.6137399148428,27.2693444237715,26.2175919711722,27.0947682033132,..,..
Curacao,CUW,Trade (% of GDP),NE.TRD.GNFS.ZS,..,..,..,..,..,..,134.911459782692,144.555511068893,146.049122473292,166.739541731544,144.702341659916,143.932211823816,167.33120715431,175.63592594879,157.75882893022,157.570111562533,..,..,..,..,..,..
Cyprus,CYP,Trade (% of GDP),NE.TRD.GNFS.ZS,131.209319861428,137.494942180642,131.849090965307,123.641342533496,114.004668482326,113.903605268943,111.917072822542,109.806326467883,111.274951276524,112.925717017571,102.790860728549,109.101078651625,110.817045045575,112.537600734785,121.140161023913,131.115776842222,137.587203146686,139.382905056383,147.378065091262,148.912872566401,144.81611247225,..
Czech Republic,CZE,Trade (% of GDP),NE.TRD.GNFS.ZS,85.9992285782893,98.0463388969232,99.0124561576286,91.334650324677,94.9735288575828,113.488959982229,121.297960403591,127.028381868435,129.77901730598,123.742499121909,112.797244532562,128.028911534811,137.862818884663,146.528856576028,146.42241704968,157.574982178056,155.175663480909,150.586267345414,150.532652492994,148.003370824325,142.756165428235,..
Denmark,DNK,Trade (% of GDP),NE.TRD.GNFS.ZS,72.6971979470271,82.9839510533025,83.9685758745007,84.5569748062335,80.881707399814,82.2077652710513,89.3997408561776,97.3667362031348,100.067851177026,104.828229903848,89.7550392904332,94.0999768880069,101.245795489044,103.240970340292,103.050141083868,102.263916342342,104.048228406694,100.168828784783,102.979389908635,106.709145333848,109.29243155125,..
Djibouti,DJI,Trade (% of GDP),NE.TRD.GNFS.ZS,..,..,..,..,..,..,..,..,..,..,..,..,..,..,347.996532800529,299.367892600236,264.102925748362,209.987263168618,304.328726225406,288.216697848041,..,..
Dominica,DMA,Trade (% of GDP),NE.TRD.GNFS.ZS,101.702563429299,98.2367170683922,84.3601196097735,83.8553978482193,80.3200491769252,82.9494765984264,89.3757091464294,87.9777586152244,91.1718209168062,96.9151739108821,84.3256425384704,92.1128977822444,94.3415362552392,87.7201700973182,87.0727218671027,85.0566227145868,108.588449235954,102.500559190652,104.475355524523,108.133960615633,108.718185807223,..
Dominican Republic,DOM,Trade (% of GDP),NE.TRD.GNFS.ZS,76.3027532871838,79.3003930961922,70.5105678009159,68.7232829067761,84.4495031826439,81.3514229341421,61.65355873836,63.7664826343978,61.9472306777441,61.3920530916538,50.6122826092782,55.9999360704254,58.9896659008166,58.3886738844268,56.6817561177593,55.4964232503464,52.1710777181132,51.5859712564982,50.2250854244367,52.0559663850788,51.0111449198007,..
Ecuador,ECU,Trade (% of GDP),NE.TRD.GNFS.ZS,49.2012507989376,59.464699296633,50.7450571604332,49.3765496413265,47.2416306944026,50.6652403671973,56.0998297037723,59.7097831881018,62.5871384279303,68.0569473760308,52.1048490230741,60.3032387134123,64.4902388929988,61.7511124083851,59.6061560569664,57.7081689892069,45.243877148583,38.5213403358829,42.4217213910174,46.3621309486896,46.7399136031782,..
"Egypt, Arab Rep.",EGY,Trade (% of GDP),NE.TRD.GNFS.ZS,38.3615084525358,39.0179359012055,39.8104265402844,40.9870678279229,46.1796407185629,57.8199052132701,62.9526462395543,61.5185365063947,65.077873254565,71.6806253489671,56.5534446363462,47.9363500745898,45.2556341623514,40.7117692721084,40.373038056332,36.9201877934272,34.8459429600229,30.2465490514505,45.1268011527377,48.2782710596295,43.2651297371437,..
El Salvador,SLV,Trade (% of GDP),NE.TRD.GNFS.ZS,60.9904896201298,68.7100889044911,65.8907385362251,65.9190907767708,68.23698247861,69.7822641767691,69.7158050345539,73.4555840346466,77.621051928288,80.6659739399085,66.0711911744487,73.5372876725398,79.2766046187621,77.6485611709266,80.4511124338763,78.1044354388965,76.5603134023715,72.8190632719673,74.30466147835,77.1750633677165,77.1788766752619,..
Equatorial Guinea,GNQ,Trade (% of GDP),NE.TRD.GNFS.ZS,..,..,..,..,..,..,131.02447181321,118.532782368937,134.083789857569,128.688006601458,122.212077110801,144.668225001248,114.377346635354,116.675422472364,106.893284926066,104.379198671388,98.8780591680756,92.6007307237942,102.428258251803,104.514601741715,107.381315031531,..
Eritrea,ERI,Trade (% of GDP),NE.TRD.GNFS.ZS,96.2592361791151,67.8813619265146,72.0627109589752,76.5901636574451,74.0078242901552,65.570906849032,61.1060310218073,45.2608460537354,34.5595595326375,30.5609500494496,27.9721416148149,37.4714654565691,47.3937901188684,..,..,..,..,..,..,..,..,..
Estonia,EST,Trade (% of GDP),NE.TRD.GNFS.ZS,143.987988283199,126.32921527551,126.363884301646,123.243253325716,122.731835518972,129.994415030728,136.020429297883,136.727944543728,134.008771282043,136.522920690268,116.10783453284,142.521910642035,165.904128052716,169.491766458068,165.380590070335,159.195187906436,149.841573672489,149.149697457829,147.320392519864,145.65648945196,141.806026645834,..
Eswatini,SWZ,Trade (% of GDP),NE.TRD.GNFS.ZS,146.26654470857,156.40202388772,155.97190969209,175.797987472417,172.092026017389,150.174407905116,124.538034635801,106.924595694133,114.851330418308,112.988953019248,107.354248286589,106.667440477268,80.7613067786857,79.6648172470319,86.7980699624455,88.3542734174499,84.1018154785558,86.6517177054761,87.7982926483672,84.7688101350395,89.0922606880238,..
Ethiopia,ETH,Trade (% of GDP),NE.TRD.GNFS.ZS,..,..,..,..,..,..,..,..,..,..,..,..,48.232935411689,45.3979041835072,41.4717870807625,40.7410841498626,39.6561241449515,34.8990528009428,31.1036313022906,31.199374943469,28.8153010070423,..
Faroe Islands,FRO,Trade (% of GDP),NE.TRD.GNFS.ZS,96.8331350044144,107.564036645789,100.587330004083,95.6994101360299,102.899787646945,87.3457644546389,95.1782577643948,93.2557134504411,100.286360573684,100.449168192118,89.3804582010756,91.6760534240592,104.486853519189,114.96848279686,110.512867435256,102.730659133239,101.603754094974,99.4451374952541,105.759536234302,101.874818996134,..,..
Fiji,FJI,Trade (% of GDP),NE.TRD.GNFS.ZS,122.442684233916,135.421931959308,129.399222996098,125.408769010334,128.113760664664,124.230711458353,116.712545816868,117.042535501481,109.522750869801,130.997847976458,108.869117411674,121.227903395671,124.476125887667,125.285791685112,126.348386724849,110.812305558184,101.189048565576,97.1744907814101,96.9285758723623,103.436732872127,..,..
Finland,FIN,Trade (% of GDP),NE.TRD.GNFS.ZS,66.2398751930411,74.8948271060231,70.2768481898388,69.2994625755964,68.0558026741527,70.960203580292,76.579207830612,81.9834930623435,82.8574024974341,86.184335829923,70.1233032732315,75.4644073922495,78.5795816119355,79.170500952561,77.0938865804298,74.1127227557674,71.3825484305887,70.8985003539937,75.1753838527351,78.1078814023555,80.0412377990988,..
France,FRA,Trade (% of GDP),NE.TRD.GNFS.ZS,49.7609206002288,55.8612457180345,54.9593680925757,53.0720247583335,50.7978335232353,51.9250078784333,53.9807067764121,56.1034244496256,56.420756583014,57.3970828857949,50.462450850073,54.8677910818934,58.7905764224005,59.7020591687875,59.764055074913,60.4787965196196,61.7516939345861,61.1001423821095,62.9618472934066,64.4791960984239,64.5227290341624,..
French Polynesia,PYF,Trade (% of GDP),NE.TRD.GNFS.ZS,29.2447049419,29.1253783740301,..,..,..,..,..,..,..,..,..,..,..,..,..,..,..,..,..,..,..,..
Gabon,GAB,Trade (% of GDP),NE.TRD.GNFS.ZS,97.7314524555904,101.701928939637,83.6386132424108,84.7590815376223,80.3026082056312,81.7675371418698,83.9495998399241,88.6494092562519,85.1324791636578,88.9988725945748,83.5045774235636,89.1576627248353,90.4983773331323,92.3428089420545,90.6350361478645,73.5203290162438,73.9497814588281,70.1333810645308,75.0687404456638,72.0488818477495,72.2497973586532,..
"Gambia, The",GMB,Trade (% of GDP),NE.TRD.GNFS.ZS,52.4132975230667,56.3598198850954,46.9292631865623,59.642950918834,68.8587930342232,49.9342995615683,50.0187233950976,50.374468581975,44.2938444656791,39.0890994561344,41.7773944257977,41.0125150279466,42.6397020468894,47.7006731141985,45.4619193623296,58.2579307752264,52.937505147568,46.0214036884486,53.3190552786319,63.1096341426273,55.5386924434596,..
Georgia,GEO,Trade (% of GDP),NE.TRD.GNFS.ZS,57.1518743274472,62.6613956413099,63.3299250824094,71.6291255364807,77.6333765369391,79.0407459055607,84.5295975354749,89.125374368197,88.3934140686603,86.2982243681487,78.1930390303569,82.8990541481835,87.5468528614097,91.9422785219247,95.6020858179071,96.7748361393137,98.7688227493738,96.8258176135729,104.040076935155,111.755539312188,118.646804645511,..
Germany,DEU,Trade (% of GDP),NE.TRD.GNFS.ZS,53.3658496319459,61.5260610026125,62.0628388890423,60.9348898149328,61.8493197140493,66.2261991054223,70.9187129366213,77.4497291495463,79.8744173951311,81.5248047312183,71.2287128996251,79.8686242395882,85.2061212670221,86.5140548790483,85.0788766962491,84.6200933924979,86.2462246132087,84.7696459674487,87.4116986619057,88.5963872113359,87.9891274408895,..
Ghana,GHA,Trade (% of GDP),NE.TRD.GNFS.ZS,81.7051040340528,116.048430162968,110.045854160811,97.4892431746551,97.2871457139532,99.6703343472122,98.1715141146279,65.9214438401551,65.3543222852532,69.5142256111434,71.5947385281523,75.3778157916824,86.2954538549695,93.1680351286831,61.6872173700179,65.1705490837961,75.5863939908231,69.3576702283933,73.6482046044069,71.6781524250918,71.378190816446,..
Gibraltar,GIB,Trade (% of GDP),NE.TRD.GNFS.ZS,..,..,..,..,..,..,..,..,..,..,..,..,..,..,..,..,..,..,..,..,..,..
Greece,GRC,Trade (% of GDP),NE.TRD.GNFS.ZS,47.3775982084231,58.4156773402129,56.1399686891397,50.3489962887975,48.1900537963457,49.8984414406951,50.9008643706162,52.8502388268866,57.5243740192966,59.3297155312655,47.7438466003341,52.8290981564171,57.8446199835651,61.8177662979566,63.5191430508957,67.1494538969393,63.0551605702583,60.8405275403878,67.0005550789866,72.5197001864622,74.3844668935414,..
Greenland,GRL,Trade (% of GDP),NE.TRD.GNFS.ZS,..,..,..,..,87.2971972810315,88.1524357295282,99.7079265489358,89.6938562419079,94.9670539629143,107.37322125158,85.7573657356888,110.472368234124,130.547942353994,100.978401084907,95.9116681587586,87.0885837878503,83.1013810084573,85.8376729204278,84.8741701984023,85.8493601386626,..,..
Grenada,GRD,Trade (% of GDP),NE.TRD.GNFS.ZS,100.482140619212,104.965260086782,91.7177798195601,82.3061084589403,83.0766065630468,86.2697127545761,78.3591107561235,80.821745421846,85.1384100637864,79.8490477236964,71.079255912764,73.0637768731267,75.9870165636798,75.2829872507625,75.7790284035998,106.58082772223,102.083218328737,99.3230438567232,106.042410383799,111.773803034721,110.199074229876,..
Guam,GUM,Trade (% of GDP),NE.TRD.GNFS.ZS,..,..,..,69.069423929099,64.185393258427,68.2136375421312,66.6904932094353,73.2257298836933,79.8628571428572,78.9006708504653,72.7253712612424,72.829417773238,78.6728896103896,77.7264858626659,79.8163418290855,78.385698808234,71.6287215411559,70.7333908541846,71.013501965476,73.3614864864865,..,..
Guatemala,GTM,Trade (% of GDP),NE.TRD.GNFS.ZS,46.3605068544295,49.1455879049537,69.5445487481396,66.03186021559,65.9596492763898,69.0781177383567,66.0486553688852,66.8181859460246,67.898496784996,64.1252274507985,57.1059933250943,62.1149322674463,63.9841958323572,60.982474528549,56.6852211287477,55.0832795275351,49.8934531124087,46.3727375188895,46.1238216908559,47.1588421715465,45.8655965413655,..
Guinea,GIN,Trade (% of GDP),NE.TRD.GNFS.ZS,47.67304857438,53.4817190113594,58.5969097489697,55.4482350732153,51.1421390172418,50.4422180841653,69.8967259161112,69.3863036215547,71.1210387506578,64.1842507208406,69.8153539678789,73.5465665596744,85.9546731151063,86.6743242388843,80.4264444384217,76.7719635294773,72.4427253802927,111.839462498737,101.251633768429,90.6283609158764,76.2009550336815,..
Guinea-Bissau,GNB,Trade (% of GDP),NE.TRD.GNFS.ZS,67.6776475391336,54.8733509134716,48.0175827233051,41.1843995611341,43.2716188054624,44.8451120369809,41.3183809560734,40.4491981374428,54.1418242321587,52.642045005514,54.071875728414,50.1304010558482,56.62100801099,41.1729928433818,44.0803911767354,51.5930141877095,59.7815367521229,57.8122244103829,60.8470169188269,57.7908624560153,57.0085558449435,..
Guyana,GUY,Trade (% of GDP),NE.TRD.GNFS.ZS,201.05931477536,206.767370475214,199.577000730114,196.72507835983,189.162485631386,200.725286901642,194.350757310172,..,..,..,..,..,..,..,..,..,..,..,..,..,..,..
Haiti,HTI,Trade (% of GDP),NE.TRD.GNFS.ZS,41.9484795102088,25.0409004127177,26.0612981899056,25.0725667622512,37.0527449342569,33.9732234603149,32.1296902133625,33.3555239910494,31.9404626539588,35.6879060180926,33.2343679955681,43.5059465003023,44.1635907005873,40.2580501310441,41.4575180021258,43.3712472992289,41.9886916936246,42.2239437607207,43.9424064026446,46.3779945985584,47.3545792912647,..
Honduras,HND,Trade (% of GDP),NE.TRD.GNFS.ZS,120.126089120866,120.392164584236,115.943071737954,117.997454450299,122.248277175534,135.461758741854,136.489768018486,133.13183510432,135.070634917917,135.748955193053,96.9050060188904,109.441838241682,122.216902597337,121.188215808285,116.306049247436,112.97509728471,107.26440535424,99.8157169505924,102.298625513661,102.558376854398,96.6133512614005,..
"Hong Kong SAR, China",HKG,Trade (% of GDP),NE.TRD.GNFS.ZS,220.272313145342,247.654020445592,240.848977626932,255.996457369342,292.454655919737,326.841054589054,342.689209524653,359.208661184248,362.14946363969,376.656806171877,348.397554309339,404.770560908659,421.854706554386,430.568530415663,442.620019127299,425.975871734797,389.405949263639,371.751113659525,376.827829301823,376.928400186092,353.225535728182,..
Hungary,HUN,Trade (% of GDP),NE.TRD.GNFS.ZS,114.025774849784,137.40660123512,131.045068739569,118.320109162292,116.60617427443,123.267702550645,127.593088302729,148.867502410626,155.346864986064,158.195277169557,144.768073219014,157.267724024444,166.287842173646,165.454667419539,164.174052818468,168.242836502813,167.239953456066,164.314407210262,165.195179213237,163.382021854733,161.257730157012,..
Iceland,ISL,Trade (% of GDP),NE.TRD.GNFS.ZS,69.5123582731689,71.3156391473253,74.9842039440342,69.5454161678014,68.286685418459,70.0873769346473,72.5955163834896,78.6311650059018,75.1199249430039,83.4187634668544,88.4745061895637,94.0910381067636,101.819072061623,104.267502899698,99.3063041822534,96.993865266007,96.4757505825561,89.0310170960315,88.069447110199,92.0167884261274,85.9166662208067,..
India,IND,Trade (% of GDP),NE.TRD.GNFS.ZS,24.8155980442929,26.9009229100702,25.9932547534365,29.5086629352982,30.5924361330175,37.503814059447,42.0016696151004,45.7244804990503,45.6862686794412,53.3682204392226,46.2728696431018,49.2552064974806,55.6238654419115,55.7937217287511,53.8441319466777,48.9221857470669,41.9229138015125,40.082485752,40.7228112797364,43.4049694956895,39.5500608168754,..
Indonesia,IDN,Trade (% of GDP),NE.TRD.GNFS.ZS,62.9439128601924,71.4368759173731,69.7932075256238,59.0794617663723,53.6164937473016,59.761294836691,63.9879358688635,56.6571268148867,54.8292499782075,58.5613996312961,45.5121213687054,46.7012738758737,50.1800131841104,49.5828982992627,48.6373726752893,48.0801755855227,41.9376402415294,37.4213418023318,39.3554970704606,43.0019440936794,37.3033978584678,..
"Iran, Islamic Rep.",IRN,Trade (% of GDP),NE.TRD.GNFS.ZS,34.8854141345934,41.2572474637965,40.5355664795175,48.1726865520657,50.6791057753261,51.3138573265888,54.4404952635536,53.1673587143845,49.8873069225934,48.2294027741438,43.6995802243585,43.7706437371399,43.1912922954544,47.3730556959042,50.3313978617656,44.604420307551,39.017300702637,43.2144622881953,48.7806379098043,65.0508409919589,56.1730621052694,..
Iraq,IRQ,Trade (% of GDP),NE.TRD.GNFS.ZS,138.314601242921,125.336595640904,126.780255976775,119.762047746987,154.234525288266,120.233977121676,115.742540308642,89.6505204858719,74.0928530157764,81.0555437123693,78.6873788189898,73.5267722222222,72.2801198156682,73.6142720472441,75.6877192982456,78.2873537983082,76.7579150579151,72.0158864073381,73.5944695568976,79.9252944024375,77.3477768565499,..
Ireland,IRL,Trade (% of GDP),NE.TRD.GNFS.ZS,160.143963041177,175.140015398171,175.027858213513,163.765542979159,146.552257964078,146.696891350989,148.279869385315,149.958964555621,153.29367749115,159.625155804428,172.998737940581,189.421701597387,188.755763426167,191.537017257834,188.521589827238,201.990345830311,215.136640653511,226.041377290551,219.998349077447,211.511074393765,239.215091683884,..
Isle of Man,IMN,Trade (% of GDP),NE.TRD.GNFS.ZS,..,..,..,..,..,..,..,..,..,..,..,..,..,..,..,..,..,..,..,..,..,..
Israel,ISR,Trade (% of GDP),NE.TRD.GNFS.ZS,67.8276626345256,71.2320923294528,64.9934079278618,68.6853367972415,70.019190241041,78.1619402254426,81.6599375859045,81.4320928588991,81.8520857555587,77.586714008152,63.8998150058974,67.6262780255282,70.9406036136637,72.1075242246098,65.7086202165413,62.9209772799404,59.8097126208372,58.2732776473036,56.3910432359888,58.9370438190475,56.7662163851202,..
Italy,ITA,Trade (% of GDP),NE.TRD.GNFS.ZS,44.6207908015108,50.4055898251238,50.0348046309252,48.0579242988141,46.1488447781921,47.4303303888471,49.3010107621318,53.1681791846237,55.061455631698,54.4928757988188,45.4187617874817,52.0061883742819,55.1455224600271,55.6547208446016,54.8675793967737,55.3221151506422,56.4181761616088,55.3676028142217,58.6041759472917,60.3483805856494,59.9562954987493,..
Jamaica,JAM,Trade (% of GDP),NE.TRD.GNFS.ZS,84.2317468917696,89.5130060528716,84.8277345994425,81.846755427102,88.1506308424088,89.3181040726816,90.4878933449097,100.745598824993,101.244422062437,113.577403844226,86.8851243338837,80.920400318881,83.8218202275808,82.0400783486515,83.2689914479299,84.7496280191419,76.124172357026,76.4617588129194,83.5477751986345,89.0263817389479,89.0263817377729,..
Japan,JPN,Trade (% of GDP),NE.TRD.GNFS.ZS,18.3489598227121,19.8196527094812,19.7981281249701,20.6856113593736,21.5831293981556,23.9223564559182,26.5154937832549,30.3317816192197,33.0938884857704,34.3990204251571,24.4908999164455,28.6130077131406,30.3930029700341,30.6361236890786,34.1475222566436,37.5457697966046,35.6410207185955,31.541805125769,34.5734381588921,36.8165073643981,..,..
Jordan,JOR,Trade (% of GDP),NE.TRD.GNFS.ZS,104.480929679447,110.333670204203,109.284377778868,114.123440717748,115.706459100282,135.001083593042,147.539085718154,142.341761262043,146.62273496482,140.911060290974,112.151997879281,114.223715766115,118.699202411323,117.855142533307,111.450710296015,109.939187574074,95.6196216473808,88.6585790969693,90.1635151872403,88.5315171676213,86.3425375662982,..
Kazakhstan,KAZ,Trade (% of GDP),NE.TRD.GNFS.ZS,82.579151355772,105.699692634521,92.8490685069707,94.03168564978,91.4633324250457,96.4091997009336,97.7625030243024,91.4535267973373,92.1616330969975,94.2948046483658,75.7660674636533,74.1382658957842,73.1178570509129,73.7237324891671,65.4076093299538,64.9720346513507,53.0497288072652,60.3115965864153,56.8253936367159,63.5279594235197,63.8975682876009,..
Kenya,KEN,Trade (% of GDP),NE.TRD.GNFS.ZS,48.1922749889095,53.3090443862273,55.9468360286644,55.1726722640053,54.132265895729,59.4770033484289,64.4788661639796,55.2364851257303,53.8947888046059,57.5785986473131,50.8636415698917,54.2268646261755,60.4486733202395,57.7650763156861,53.1330069608796,51.2983055115632,44.178593472003,37.7002094742602,37.3948372404257,36.1493883302782,33.4014430678127,..
Kiribati,KIR,Trade (% of GDP),NE.TRD.GNFS.ZS,112.642990654206,105.043275862069,113.464262295082,129.427895440261,110.667404593595,103.190618877906,125.632766137699,100.415323241707,104.360099901612,99.4837973012352,103.354752074634,90.8191982514997,100.762362130527,104.596787799953,105.809399137378,116.118336903036,123.015256283613,128.828453278196,119.614663731083,98.3924136202405,..,..
"Korea, Dem. People’s Rep.",PRK,Trade (% of GDP),NE.TRD.GNFS.ZS,..,..,..,..,..,..,..,..,..,..,..,..,..,..,..,..,..,..,..,..,..,..
"Korea, Rep.",KOR,Trade (% of GDP),NE.TRD.GNFS.ZS,59.7627537606539,66.0951601081834,62.2237972179905,58.3530394029217,61.1746012790121,70.0157148656729,68.3248110236401,70.6518735304194,73.8745252877915,95.5163524347469,86.133619369747,91.3995964951756,105.566313581348,105.458327737701,97.9521049538882,90.6144418981567,79.132494389092,73.6038094655981,77.1209178066416,78.9888655134363,76.9964293082181,..
Kosovo,XKX,Trade (% of GDP),NE.TRD.GNFS.ZS,..,..,..,52.1664050235479,55.0008105041336,56.7029048834201,59.5009336275675,66.1057300329387,68.6912041392286,69.9495209642526,69.0264399449577,75.44525215811,81.6304912244262,77.1546611844706,71.5953891788383,73.720700493938,72.3299466161529,74.6132683151843,79.1827125461888,82.0074039933989,85.4693578128743,..
Kuwait,KWT,Trade (% of GDP),NE.TRD.GNFS.ZS,85.3681145511849,86.618324503254,86.8504672897196,81.2251941328732,86.5551755074577,89.2976416790834,92.2426800942645,89.7130931980522,91.7325033915889,92.6834562516721,88.8110649851457,97.0277394858401,99.0903703424986,101.011241259136,97.606702286398,100.036945094404,98.6995732929543,96.1589075409082,97.8407833818167,100.487582077886,..,..
Kyrgyz Republic,KGZ,Trade (% of GDP),NE.TRD.GNFS.ZS,99.1994912194321,89.4309316270309,73.7469123687968,82.9207290212667,83.9327828079655,93.8157321567302,95.0840046303638,120.749981766273,137.058387838563,146.106082230139,133.379153167955,133.232850492333,136.179840420492,139.675937840309,134.026785643922,125.126181075833,110.961570714633,105.823574017406,100.617445813258,98.8755599017608,103.084998637386,..
Lao PDR,LAO,Trade (% of GDP),NE.TRD.GNFS.ZS,80.0584561631629,68.8373013683372,65.8994368798482,67.2549028523532,60.5720958822186,66.0797516217561,71.7926462754038,81.9613754165271,79.2126289024477,81.8491820935396,76.9308262199683,84.7203378917196,91.6986958673336,98.185126430631,98.1791466160708,99.0597382925996,85.7983217037662,75.0918909206445,..,..,..,..
Latvia,LVA,Trade (% of GDP),NE.TRD.GNFS.ZS,79.9540032127527,81.6347060132014,86.4819722951741,83.3097187281367,84.773343920746,93.3543750107829,100.496675376948,100.377905107999,95.7257673273977,91.4264738479481,86.7198611753153,108.997940157366,121.508531900181,127.527265705273,124.204084672017,125.273716882175,122.283612988102,118.89339742514,123.899835566485,123.62322994575,121.094501082498,..
Lebanon,LBN,Trade (% of GDP),NE.TRD.GNFS.ZS,50.8141707661214,50.1152959262106,55.5568083587026,51.0425325574951,54.0908340214699,90.9727970264686,92.7626562720125,91.0693970280875,97.9677079668293,106.625673176847,90.3978388620786,95.0966529400967,102.13988241385,88.5069110900353,86.1206281358139,79.752033856791,71.8246041639141,67.6471536645545,68.309918024882,68.1548308047974,96.0410275388329,..
Lesotho,LSO,Trade (% of GDP),NE.TRD.GNFS.ZS,..,..,..,..,..,..,..,..,161.76585031774,161.893737051423,155.999477903014,147.802707276341,147.344499930145,147.325739715112,130.371705227103,123.324327691443,129.034446196126,133.105970513116,135.742484286972,143.049571979614,139.366101723481,..
Liberia,LBR,Trade (% of GDP),NE.TRD.GNFS.ZS,..,70.3133867276888,65.3915452538631,73.1362783171521,71.9206684491979,290.499253065775,270.363614330875,277.13855227882,311.354115076475,179.121002317497,110.211685520362,111.773793793794,116.26763969975,122.166508636531,130.993055102706,136.968705470738,126.017689644319,121.676440421182,122.989881158013,120.343137254902,127.452275887903,..
Libya,LBY,Trade (% of GDP),NE.TRD.GNFS.ZS,34.8016301090735,45.2810937659422,43.1734496124031,78.8597570352145,90.6127305175491,96.1293320792401,90.8608896854615,101.859331283415,102.224151279825,101.489331770223,102.05807153887,107.702458748139,99.6209891946609,114.368828654405,135.261704681873,138.897612225406,114.245922149291,70.214263429447,89.7314507033064,92.7726154291814,117.473047408956,..
Liechtenstein,LIE,Trade (% of GDP),NE.TRD.GNFS.ZS,..,..,..,..,..,..,..,..,..,..,..,..,..,..,..,..,..,..,..,..,..,..
Lithuania,LTU,Trade (% of GDP),NE.TRD.GNFS.ZS,74.8214951638714,83.3785893281735,93.6656971630274,100.490621074193,98.2349064828604,104.604018876523,117.483577036961,124.335443328732,116.387387927408,126.849087602913,105.338778299376,129.887382863414,148.447219109978,155.843160657432,155.886790868636,142.721642753591,138.552317324475,134.453858437451,144.873355393449,148.639351605477,149.693087967651,..
Luxembourg,LUX,Trade (% of GDP),NE.TRD.GNFS.ZS,239.216927815784,271.950966356649,271.344448796917,258.843148263393,254.101052437033,281.208393928219,297.772974229331,320.598261765662,332.50484932692,343.561828330302,295.972806200216,316.161400227568,323.449607347643,341.862022195953,349.241939063509,392.804183547751,408.362011783242,390.662501606378,400.079471313964,387.103339675389,381.516616449664,..
"Macao SAR, China",MAC,Trade (% of GDP),NE.TRD.GNFS.ZS,133.399521900062,148.943231117209,151.103841514675,153.403257063203,151.735783612742,149.713848327838,137.136633908663,129.521370988186,131.37900150629,127.270505484025,114.148495045694,120.444254857788,123.343876445148,124.167437423288,121.040875044007,116.562987762119,116.64959567989,110.562010163251,113.274805562102,116.001448278033,116.93951733499,..
Madagascar,MDG,Trade (% of GDP),NE.TRD.GNFS.ZS,40.9244120208063,42.7771226639725,41.0351260923859,50.1816919379298,34.030602917475,48.7753818852156,59.1300849357677,62.1028389388375,66.7027353586752,74.3573571002691,62.4116953319246,57.8748962946922,56.4830855324471,52.6516996892333,56.3675698242492,61.9694226661834,61.2203628425206,60.8346918962705,65.3434032953133,62.5018012233029,59.8817117544283,..
Malawi,MWI,Trade (% of GDP),NE.TRD.GNFS.ZS,71.3159730281056,60.93863549639,67.1184036928501,41.9008377881176,50.8424494444496,51.4662417063174,57.4479843783725,54.3599683102017,56.4441652527095,61.9657689679199,51.6830724947176,57.6475200499248,48.787859784501,67.8815961229165,78.2691065522793,73.3266118606603,64.9112746043301,77.9077147874236,65.3298707550812,68.9861649721217,66.6045095827059,..
Malaysia,MYS,Trade (% of GDP),NE.TRD.GNFS.ZS,217.570919391949,220.406788982074,203.364636010653,199.356232695655,194.195129056831,210.374265897124,203.854644595624,202.577146840398,192.465506357652,176.668324785148,162.558970452699,157.944764886771,154.937684607226,147.841754766013,142.720991464873,138.312231176843,131.37007244526,126.8990100257,133.155173371956,130.430419361579,123.000183693894,..
Maldives,MDV,Trade (% of GDP),NE.TRD.GNFS.ZS,..,..,..,..,..,..,..,..,..,..,..,..,..,..,..,165.979251277773,149.522542638605,149.053491827637,151.55719813982,153.86718681717,146.991519564917,..
Mali,MLI,Trade (% of GDP),NE.TRD.GNFS.ZS,50.0264356036308,55.4225754322684,60.2008030180009,57.8292913721816,58.6281417028541,55.311617661017,54.1253257762848,60.9766738353202,56.6497462449036,63.4760160560442,50.5191929331436,57.9852972401459,53.9135577829201,59.1205945506867,64.8176608730751,60.6387074880093,63.6396396861516,63.7632964244702,58.0684483263947,60.1447828038175,57.952113764353,..
Malta,MLT,Trade (% of GDP),NE.TRD.GNFS.ZS,228.170836070328,248.625754772843,221.47878932503,223.906164093756,217.893678602633,212.647356254875,217.602217467584,253.836605811554,262.317057915254,298.818064041021,294.950096821611,301.836695608995,319.703416885985,322.67645188488,304.32862444136,287.641431065207,299.470158174781,290.902509635047,284.72114130149,269.951905751648,273.715493627058,..
Marshall Islands,MHL,Trade (% of GDP),NE.TRD.GNFS.ZS,107.077461616443,129.509092091289,118.330375170976,102.492822886604,116.784209865409,114.746454579153,122.348676214131,111.854550053927,113.0192364928,117.609664102058,128.881234162161,147.108156090691,150.920169033701,154.747127542997,157.96489642923,148.029638934536,135.928517721599,114.323458902744,122.918578924376,125.72768192048,..,..
Mauritania,MRT,Trade (% of GDP),NE.TRD.GNFS.ZS,49.016938039756,58.9403747670668,60.7012124604715,56.7855296001806,55.3180243332438,75.2188046787959,88.2350995596491,82.7885012130323,86.0640556779132,94.1202110004251,82.0086176018151,93.4207451334608,98.485329604158,110.788122743421,102.398824183169,91.610371363604,91.0951773194167,79.2947392860881,91.9904485679432,96.5551210323869,93.0357951620475,..
Mauritius,MUS,Trade (% of GDP),NE.TRD.GNFS.ZS,130.691257437237,122.312602442309,129.778721929083,119.82234029811,110.118531675733,108.468732630691,123.24609942005,127.062861757975,120.876451250142,115.489315893532,104.42972895159,113.457073552476,117.538946368786,119.500119779606,109.969736598308,108.138763766955,105.009600066359,97.9855784159258,97.3654913265719,94.9841664311718,92.1745289928504,..
Mexico,MEX,Trade (% of GDP),NE.TRD.GNFS.ZS,50.6179714442795,52.4326817487387,47.1660730175839,46.6979147083911,50.2056894551963,53.486145239206,53.9381321057714,56.0927246318034,56.7952793788998,57.7770309296138,55.9677697591441,60.7603184849556,63.46967787984,65.7672458233911,63.7648766169695,64.9253579018616,71.0890901134614,76.0622091378111,77.1157445044434,80.5632997329994,77.9152934428754,..
"Micronesia, Fed. Sts.",FSM,Trade (% of GDP),NE.TRD.GNFS.ZS,94.7389508064168,90.5888324263799,95.7320572733056,89.8144131632725,94.7935260513159,93.7176359912752,92.5195549498386,95.3224299415599,98.6724416170276,109.289475654306,108.787817810896,105.813653142123,106.904622398343,111.358914489194,113.261346269274,105.859971084144,105.296472336084,100.635034905852,101.024254172998,100.851461800905,..,..
Moldova,MDA,Trade (% of GDP),NE.TRD.GNFS.ZS,117.527935193889,126.163100130478,124.500739599353,129.839525501535,140.056529925052,132.69906968032,143.023568469138,137.154763819994,142.720539023021,134.4216013477,110.363326850495,87.9378527664967,98.6175953233447,96.3064095527175,95.6872967604033,93.1592678884947,89.3306782687461,87.6371595299043,85.6371918766728,85.8662253827237,87.3873957306116,..
Monaco,MCO,Trade (% of GDP),NE.TRD.GNFS.ZS,..,..,..,..,..,..,..,..,..,..,..,..,..,..,..,..,..,..,..,..,..,..
Mongolia,MNG,Trade (% of GDP),NE.TRD.GNFS.ZS,112.241338547745,121.886609754208,115.81832687888,118.517253113943,120.299393514881,131.329318233554,122.381459889773,112.929983096983,117.880426425377,121.198013401183,107.813757166177,103.350031656557,126.999228633482,109.588564341699,100.311989663466,109.32231187522,90.2870127442738,95.6114075663323,117.223292274631,122.49928517891,126.218065621353,..
Montenegro,MNE,Trade (% of GDP),NE.TRD.GNFS.ZS,..,87.9252021443203,100.409386075314,95.2294000160253,77.5983890107329,100.109654967142,104.625139256659,117.994735505471,128.746158606061,132.340271682179,99.4250282074869,99.7803263266018,106.658853993576,111.766044513287,102.770959895387,100.127619998369,102.688977351832,103.67289361319,105.554964991437,109.609318204725,108.511987997029,..
Morocco,MAR,Trade (% of GDP),NE.TRD.GNFS.ZS,53.9866926482482,59.1618267897055,59.4180038973489,60.5340864045186,58.3277426764957,61.596533473438,67.9148544916014,71.4962867805158,78.4871743394128,85.6728209004978,67.91510294823,75.2476345357776,83.4268001663258,85.1249172938184,80.0205585556891,81.7722741890864,77.1980363378713,80.8605951862807,83.9991721893241,87.9757826828681,87.1416037596532,..
Mozambique,MOZ,Trade (% of GDP),NE.TRD.GNFS.ZS,43.7021245212511,46.1032146707186,48.5749654224364,70.6714528007057,67.452626063775,68.6467493318085,68.6027228179978,64.0923724602341,63.0371484895658,62.3331299273264,64.8051923505176,70.6407003041471,80.2303498035349,101.87164442616,103.150504433069,111.465174652388,93.9087089469391,105.638472008349,99.7188116866019,127.204156877743,116.547151205313,..
Myanmar,MMR,Trade (% of GDP),NE.TRD.GNFS.ZS,..,1.16569558306638,0.917310272291269,0.511203519371309,0.36595962878133,0.327856971227387,0.273893892366497,0.247945769445521,0.217686641528775,0.183103590673755,0.167417638932269,34.6785849343922,0.200366513370464,22.3846155797021,38.5807589671767,42.2589431833527,53.9150437627988,61.0214817399399,62.4489070251423,60.6889892165365,..,..
Namibia,NAM,Trade (% of GDP),NE.TRD.GNFS.ZS,92.2830942605271,87.0918942294063,90.6450428678427,96.5341552537167,98.2351823827612,83.488746240789,82.349082225191,88.6242409972841,106.299854905326,121.207317583358,125.358960401466,109.637217682835,103.678504758411,100.214339425242,97.9403094667279,103.726433514914,97.556588000031,94.8738804944426,82.1975267791671,82.7490818923016,83.4755610558534,..
Nauru,NRU,Trade (% of GDP),NE.TRD.GNFS.ZS,..,..,..,..,..,..,..,..,..,164.285714285714,145,100,128.358208955224,125.531914893617,164.583333333333,172.80701754386,178.331735378715,147.636363636364,117.687543014453,105.625,99.2135511191773,..
Nepal,NPL,Trade (% of GDP),NE.TRD.GNFS.ZS,52.5669812534353,55.7105890041319,55.7999210803706,46.2307185004451,44.2478836156195,46.1472867206087,44.0629474798613,44.7619877569242,44.5792750200254,46.0362063511913,47.0794477633688,45.9849057742707,41.828254644999,43.6582066646414,48.1459589347798,52.255185498702,53.0952668109502,48.7514443258116,51.3634470835471,55.084578986518,54.9259211369837,..
Netherlands,NLD,Trade (% of GDP),NE.TRD.GNFS.ZS,114.401884331961,125.521949881307,120.038764757274,113.457397877227,111.920009360192,117.608627471726,122.806657675042,127.772151379019,130.457871020883,131.05989202686,116.889549678159,131.522074134799,142.471773282141,149.268415200791,149.549331302435,150.053755435106,157.816576039698,148.858664731618,156.028211221086,158.823210208957,156.224459948633,..
New Caledonia,NCL,Trade (% of GDP),NE.TRD.GNFS.ZS,46.0741713910862,..,..,..,..,..,..,..,..,..,..,..,..,..,..,..,..,..,..,..,..,..
New Zealand,NZL,Trade (% of GDP),NE.TRD.GNFS.ZS,61.4012311333669,68.5169268768932,67.2338243520418,62.6559945554479,57.914769345753,58.7995522745359,58.0187434407163,59.5658640885005,58.3691905893434,64.3319692878839,55.1528190980122,58.2112510627423,59.1635333939672,57.0097453341914,56.0349606177407,55.1759304370804,54.7991229311077,52.2101572554995,53.8501715645581,55.9419498900163,..,..
Nicaragua,NIC,Trade (% of GDP),NE.TRD.GNFS.ZS,62.5376445208417,61.2984974600022,57.9801315472268,58.0912844080785,62.1750658877514,67.195316780004,71.6457237072991,87.3103494702828,93.0251916757941,96.7940851265477,86.9928669605195,100.362998722287,111.827667544176,115.176918889494,110.984462064825,106.698378420443,98.1938816302231,93.8137226799488,96.3802171966235,93.620938943446,95.0758836210015,..
Niger,NER,Trade (% of GDP),NE.TRD.GNFS.ZS,31.3752367245391,34.7127807043604,33.0136670843015,30.8343857485277,33.3827931416238,36.964104446131,38.3477418070735,36.5313731842429,35.5028028471006,39.7112440529639,49.5122567031625,51.9459863023198,50.246395157375,45.0859644724591,46.2951491498779,45.741600836427,44.0781162255521,36.2898123448882,39.0716364473453,37.509972099642,37.7939168794606,..
Nigeria,NGA,Trade (% of GDP),NE.TRD.GNFS.ZS,34.4578311759326,48.9955994666527,49.6805002885015,40.0351685881311,49.3349648618029,31.895870440492,33.0594600696505,42.566565803723,39.3369315096852,40.7968353499,36.0587104056279,43.3207568422645,53.2779583342983,44.5323680484012,31.0488599618018,30.8851937150808,21.3326518707854,20.7225188807225,26.3475990009104,33.0078334908649,34.0238778317108,..
North Macedonia,MKD,Trade (% of GDP),NE.TRD.GNFS.ZS,72.6249786897251,80.1601473580914,71.4782105684389,71.5334846721143,71.0693204909674,80.8704849956907,85.8410034787176,92.5516664675666,106.092966003288,111.570054713298,87.1767537660809,97.8810691156562,113.19191013947,112.214834702155,104.857229956305,112.537928969299,113.698443879103,116.185408418026,124.13728389629,133.215198242456,138.82722145992,..
Northern Mariana Islands,MNP,Trade (% of GDP),NE.TRD.GNFS.ZS,..,..,..,151.947040498442,152.703793381759,178.099173553719,174.552309142319,159.69696969697,128.571428571429,100.851970181044,84.5283018867925,92.6157697121402,104.50204638472,114.247669773635,120.076726342711,119.763313609467,122.126745435016,144.4,121.424109931293,108.692365835223,..,..
Norway,NOR,Trade (% of GDP),NE.TRD.GNFS.ZS,70.0085882076877,74.6516082248655,73.2794606681813,67.6104049516152,66.5528239333878,69.0087604177182,70.8135781791539,72.3558498175126,73.1842294163025,74.8893594007111,67.054796805081,68.2495594214732,69.6733929343216,68.2174036699074,67.5466198492849,68.6632828305019,69.8591654324035,68.9403153109535,69.1644246402997,71.0741858923888,72.1464996506412,..
Oman,OMN,Trade (% of GDP),NE.TRD.GNFS.ZS,87.6194383815585,92.8972860012946,96.4905412740879,95.7879463188202,97.0004413141531,101.547217744577,99.1109940936836,98.5550238763974,108.871785145541,108.606938200327,105.006030232118,110.071375629452,115.886991489054,116.636106500255,128.858329843977,117.242436821076,110.904333459796,95.0777096274645,101.878505911169,102.293711757081,106.749152781738,..
Pakistan,PAK,Trade (% of GDP),NE.TRD.GNFS.ZS,32.3199628094266,25.3634296894019,27.630045237448,27.6338067154702,29.7963964450084,27.549625426659,32.1544291384714,35.6817296644661,32.9904285662027,35.5942014925682,32.0718482614804,32.8689265807296,32.9399051456411,32.8055022073679,33.3335986818131,30.9012446161031,27.6546725177778,25.3062315100758,25.8528368532,29.043321842986,30.4382082628105,..
Palau,PLW,Trade (% of GDP),NE.TRD.GNFS.ZS,..,152.283395136622,128.632465286961,127.05054205383,118.328535650077,126.493072665876,121.623944634542,129.869036391782,118.915147386334,131.318089564776,116.317984639318,125.242274214872,140.456740643317,150.106767146051,148.473810360365,153.707490282437,133.86030738562,126.018267038744,127.762985527621,125.109939922419,..,..
Panama,PAN,Trade (% of GDP),NE.TRD.GNFS.ZS,126.686314897888,133.988939472689,130.09836799567,121.851866028997,114.693366893187,123.652561234755,135.694316600018,137.89570200616,149.570111439132,166.698578081635,138.980099360114,148.273964599546,162.487675213774,158.058555962572,137.63399122807,119.090572198351,99.9367740337242,87.4082375918919,87.6655041064626,89.3921527080435,83.2096322199734,..
Papua New Guinea,PNG,Trade (% of GDP),NE.TRD.GNFS.ZS,116.006802066106,115.421837958873,117.580367053663,118.919110291279,123.449069006746,131.082911016249,..,..,..,..,..,..,..,..,..,..,..,..,..,..,..,..
Paraguay,PRY,Trade (% of GDP),NE.TRD.GNFS.ZS,77.5552756906357,78.6447297611485,72.6056990118238,79.4415656482927,81.1273637701163,80.1044466155542,85.0219636540457,84.7335313048126,79.0011374202968,76.1604510612211,67.3876726562737,77.9502176938234,76.4420637621248,72.5603252614114,70.63643775088,67.6288449454949,64.5139591007135,65.3904115487226,68.6778314041773,70.6757670870668,69.1576013472339,..
Peru,PER,Trade (% of GDP),NE.TRD.GNFS.ZS,33.2057765558493,35.5380321623178,35.0644014310212,35.2491813317695,37.6246103251002,41.9360782679273,47.3573174768394,51.7850560338442,55.6881132836815,58.4337673899053,48.1119296153519,51.6728089370033,55.9882802838607,52.6198952632294,49.7871424471444,46.8531210912899,45.1627686891148,45.3888411964154,47.5135503619971,48.9137033022597,47.1218925844715,..
Philippines,PHL,Trade (% of GDP),NE.TRD.GNFS.ZS,94.9094577402324,85.1533684600039,84.9003886237531,83.8448040937789,87.5746443636636,87.1252848232048,83.8456745708051,80.8505386728775,73.6449799920629,67.6810707730401,60.8865907869758,66.1042785137797,60.7958366999075,57.8420055133082,55.8247812320298,57.4681720875945,59.1415921053094,61.7760657653871,68.1683697426727,72.1633982990273,68.6069060624368,..
Poland,POL,Trade (% of GDP),NE.TRD.GNFS.ZS,54.1116036351237,60.868583521603,58.1567606852042,60.9873752483951,69.4462150830075,71.4456574975002,70.5305240628754,77.9707152682127,80.8314554512475,80.905760942025,75.2677975984403,81.9294270840533,86.9512301860852,89.2652771087603,90.5642354152851,93.4705395606939,95.4263255144599,100.080923558898,104.554498237291,107.420264852903,106.363796903317,..
Portugal,PRT,Trade (% of GDP),NE.TRD.GNFS.ZS,63.3143298172237,67.4529979863247,65.0919551771122,62.3082594169772,61.1389474883653,63.2045936670279,62.944504560452,68.5470531182009,69.9461175817991,72.0757429221604,61.4926935267759,67.7832954557811,73.0995439986029,76.0508388667084,78.1144346199064,80.2823078763457,80.4908943813068,79.2742296253386,84.4391405215721,86.4287609308408,86.7823274210182,..
Puerto Rico,PRI,Trade (% of GDP),NE.TRD.GNFS.ZS,104.080496533601,106.169512072581,109.88564971882,106.32948683044,118.84015748242,117.000863757497,113.744794728395,117.728477994388,117.595779058079,116.277994389108,105.262196842682,104.153228306599,108.558400106824,103.311088093513,104.889019033675,102.381649613747,108.857788934515,110.276537402467,113.13126235554,105.997629231164,..,..
Qatar,QAT,Trade (% of GDP),NE.TRD.GNFS.ZS,85.7329697856399,89.6126597159917,94.968671679198,88.4697236252199,90.1649486943021,90.3724288385622,94.7455441696331,98.570919313572,96.1141057101106,89.4328416546905,80.1441629727012,86.070289953093,98.7216386978485,105.746294426129,102.383208100009,99.0343747446995,93.7076041731579,89.5476001264379,91.4945879251807,91.8384489809424,90.3196917644625,..
Romania,ROU,Trade (% of GDP),NE.TRD.GNFS.ZS,57.9736750449875,48.5213253850786,51.9285910211481,53.7102478139376,56.1795270470243,60.6264786669408,59.3605494490555,61.6836259265159,63.5051566734658,65.1748146561928,58.4728337688248,71.3952597327036,79.9999964214776,80.3506291239713,80.9702476251552,83.2756834774294,83.5931599445395,84.5964231112973,86.5185593073843,87.1366571453939,84.5598692285511,..
Russian Federation,RUS,Trade (% of GDP),NE.TRD.GNFS.ZS,69.393281498812,68.0939070373555,61.1108586644206,59.6454457319607,59.1282690062584,56.5818523974086,56.7132484897549,54.7334018670627,51.7061227457717,53.3824660408908,48.4350610280677,50.3555054873676,48.0353994077919,47.1513903857957,46.287149400499,47.8013412628116,49.3593493116887,46.5181198396096,46.8765243371311,51.1331401438981,49.074069867083,..
Rwanda,RWA,Trade (% of GDP),NE.TRD.GNFS.ZS,27.3780588526795,27.5532276429016,29.3038022630386,27.6697605834855,29.3187072800308,33.4800519733779,34.2397957281615,33.1814140831657,35.9742181617569,37.5219662247117,36.7994347557592,37.228281871121,39.5681004121901,40.3818042859628,42.5076957001975,43.753344674176,45.0888707470254,49.5075316878873,53.6752716384763,55.8214030154997,57.9471787220262,..
Samoa,WSM,Trade (% of GDP),NE.TRD.GNFS.ZS,..,..,..,86.0017476821618,75.0543818228949,70.360217484147,78.0639848981122,81.5058624965599,83.6513107848202,76.5215311717762,81.6060058800718,80.5944581467313,82.3427263403331,85.819747905258,80.5196818842546,84.7313247807678,78.0287699879818,79.4037438409688,78.6973627170352,85.9763623319875,88.8645750184543,..
San Marino,SMR,Trade (% of GDP),NE.TRD.GNFS.ZS,..,..,..,..,..,..,..,..,..,..,..,..,..,..,..,..,321.364013420909,320.146089060708,313.85032377067,309.487956436918,..,..
Sao Tome and Principe,STP,Trade (% of GDP),NE.TRD.GNFS.ZS,..,..,..,..,..,..,..,..,..,..,..,..,..,..,..,..,..,..,..,..,..,..
Saudi Arabia,SAU,Trade (% of GDP),NE.TRD.GNFS.ZS,57.8460869740152,68.1664513581458,63.5606286478316,64.5927791589933,69.8311959767982,75.0827990213385,81.9540531457672,89.944604149645,94.8633003606104,96.1026422204037,84.8583351130711,82.5498069377694,85.5435202826985,83.5117881842452,82.709049080628,80.6404710018676,71.1201363231202,61.8620420237061,64.184994282698,66.6867663122879,63.6597579433035,..
Senegal,SEN,Trade (% of GDP),NE.TRD.GNFS.ZS,63.1106351177794,65.1419069337643,66.4905854438742,67.5141107056266,65.3593054350026,66.9073992924548,69.4415856443407,68.7236922188397,57.8935431645339,62.0420615119631,51.6418174267303,51.929342800548,57.0963854317957,61.2581687343934,60.2451290806417,58.4425289760992,58.1103376742017,54.1081692072139,57.7052798455617,60.5156729330092,60.5064024561698,..
Serbia,SRB,Trade (% of GDP),NE.TRD.GNFS.ZS,26.0575698725657,22.492177408771,56.5478134250637,56.866386898894,61.1703494982451,74.2297740270358,73.0169295534697,76.9079500160153,75.6051952539642,78.679488043902,66.021819804527,76.7311680529264,78.8090391777838,85.4708270968796,87.920271381138,92.2314185257064,97.3957666573256,101.860024969348,107.527719112101,109.494865710998,112.082066034767,..
Seychelles,SYC,Trade (% of GDP),NE.TRD.GNFS.ZS,92.9052969984677,157.377670566134,187.391445581497,163.250763917957,175.401180699499,155.573254589062,178.308439734311,184.897604036644,182.438628356916,213.519266426151,225.023106737189,201.880604015378,207.157063504092,216.483181811291,182.810905549125,187.257147560637,167.208140746594,173.683897463877,189.34849610299,182.354513197707,172.259536765041,..
Sierra Leone,SLE,Trade (% of GDP),NE.TRD.GNFS.ZS,33.7491637023642,57.5299628959222,35.4243931073053,38.3858021277704,45.9060160845621,45.5880654083465,46.872841394771,41.9127954550172,40.2953871705296,39.2134766212099,41.4365302397403,51.277552995909,80.7169470499489,93.2741188545165,87.4528009894414,83.1857952601291,66.8026117984293,79.4160025693785,74.0852938258157,56.6958306351663,53.5178050183571,..
Singapore,SGP,Trade (% of GDP),NE.TRD.GNFS.ZS,336.484846412882,364.364520468218,349.292105694978,349.746013985676,377.218564301581,401.523712538509,420.430512920559,425.363399543019,394.288471919078,437.326714891057,358.192811828842,369.685555787646,379.098631377539,369.212965787665,367.041780049019,360.467319166237,329.471398940262,303.949859410629,316.012570774686,326.938834537953,319.148381585353,..
Sint Maarten (Dutch part),SXM,Trade (% of GDP),NE.TRD.GNFS.ZS,..,..,..,..,..,..,..,..,..,..,..,..,213.577226068274,217.453391511305,237.449481157837,205.217586361597,187.962550156041,182.064544650752,164.613220815752,171.72478793591,..,..
Slovak Republic,SVK,Trade (% of GDP),NE.TRD.GNFS.ZS,97.4838776126657,108.788415121954,121.679291527254,120.373886604428,125.147678981072,139.650377296647,147.727895586359,164.626286507128,166.329552934429,162.070856599542,136.24069102241,154.726636918999,169.110709394268,176.331835086592,181.398202430821,178.186061562847,180.949607537219,184.475681319602,188.106721379078,190.54363649986,184.479249423884,..
Slovenia,SVN,Trade (% of GDP),NE.TRD.GNFS.ZS,92.5418647979271,103.947770560229,104.534076563023,103.651280553018,102.324625859168,111.556541038575,120.262617804629,129.788393459099,137.127148234266,134.73152161893,113.121871683813,127.491480632624,139.277906278572,142.384430845304,143.75635401147,145.549750211855,146.295856696074,146.657774528668,157.280150918657,161.102271299837,159.027557774336,..
Solomon Islands,SLB,Trade (% of GDP),NE.TRD.GNFS.ZS,75.7154776804339,63.5897435897436,49.4464285714286,48.4413965087282,54.822373393802,69.1498655913979,76.9646338067391,79.1656501585753,87.9282553729456,97.0093225032306,78.7067307692308,104.965412212623,113.498242552661,107.97702283105,101.673627545038,98.2847045685279,86.9204659255679,..,..,..,..,..
Somalia,SOM,Trade (% of GDP),NE.TRD.GNFS.ZS,..,..,..,..,..,..,..,..,..,..,..,..,..,..,115.701116776566,122.334072226117,124.114389283732,125.315655382225,124.607418282655,132.258716015303,133.989590045869,..
South Africa,ZAF,Trade (% of GDP),NE.TRD.GNFS.ZS,46.8618860908556,51.4377739547977,54.8016334271381,59.7646362953014,51.4018310923647,51.0780341359982,53.1491153902934,60.2772643253235,63.6830872879002,72.865390240783,55.4182616022717,55.9889858083946,60.1126299035533,60.8996994350378,64.2417598187412,64.4345011131428,61.6170734766724,60.6381880497171,57.9738949311917,59.470333710239,59.2045360593849,..
South Sudan,SSD,Trade (% of GDP),NE.TRD.GNFS.ZS,..,..,..,..,..,..,..,..,..,97.2662973183488,94.8357640879963,90.9434483661131,93.226859754919,71.6198113947489,50.8112465907463,64.6345178070809,65.5513491845003,..,..,..,..,..
Spain,ESP,Trade (% of GDP),NE.TRD.GNFS.ZS,54.636466948565,60.0823337464942,57.9971554637493,55.0991792430679,53.4636891006225,54.5241826916923,54.7622975833471,56.1771348136076,57.7476037596033,55.9833300436847,46.9948743270275,52.928240557318,58.7931710352776,60.8453698432449,61.9962993018068,63.8656097225425,64.2126411715031,63.7726244343891,66.6925732463354,67.5728529422267,66.7761646309525,..
Sri Lanka,LKA,Trade (% of GDP),NE.TRD.GNFS.ZS,78.7514783496374,88.636441704913,80.8986015327576,76.3351317826517,75.336247330543,79.4829449011187,73.6039729580533,71.2611784883009,68.6065116601391,63.369043608222,49.1491415308235,46.3638869480799,54.9845761790371,51.4920800997405,49.2577923426032,50.250882701962,49.558796593134,49.6360867170658,50.8867702027813,53.2274151312643,52.3708635777425,..
St. Kitts and Nevis,KNA,Trade (% of GDP),NE.TRD.GNFS.ZS,..,..,..,..,..,..,..,..,..,..,..,..,..,..,..,..,..,..,..,..,..,..
St. Lucia,LCA,Trade (% of GDP),NE.TRD.GNFS.ZS,..,..,..,..,..,..,..,..,..,..,..,..,..,..,..,..,..,..,..,..,..,..
St. Martin (French part),MAF,Trade (% of GDP),NE.TRD.GNFS.ZS,..,..,..,..,..,..,..,..,..,..,..,..,..,..,..,..,..,..,..,..,..,..
St. Vincent and the Grenadines,VCT,Trade (% of GDP),NE.TRD.GNFS.ZS,106.766089538408,95.8673273728703,89.6202336720133,85.1149155554957,85.9767910417357,87.4973107842236,89.2886219294384,88.037534273034,89.7566234808144,92.1712629334662,85.987850346819,84.0249876312313,82.7356139245707,85.2030017317683,..,..,..,..,..,..,..,..
Sudan,SDN,Trade (% of GDP),NE.TRD.GNFS.ZS,24.7143674919415,29.4042344599492,24.1933277597952,31.3963894227732,31.9976315376005,37.7903154750759,47.5800213061606,45.7449141012425,44.5530709120525,43.685051918876,35.9670452188994,36.9753951054496,33.1116495390871,24.7209475253992,23.728497125171,19.4589376080799,19.1006918414854,22.3559121869204,21.8525944754794,17.9267615790048,16.6685272635245,..
Suriname,SUR,Trade (% of GDP),NE.TRD.GNFS.ZS,..,..,..,..,..,..,..,98.1681931723564,101.377000372162,109.166838523407,87.9206617785298,90.9613941465855,..,..,..,..,..,..,..,..,..,..
Sweden,SWE,Trade (% of GDP),NE.TRD.GNFS.ZS,74.8983658159395,81.4775319321754,80.5882900359504,77.2186507056824,75.2455936655162,78.5911495819721,83.7514776951197,88.1954134776664,89.1620822111883,92.5641504308151,81.5088560374264,84.2483771880363,85.7910274001081,85.2822510623587,80.8156652769752,82.9335316938536,83.7238145087279,82.3206450872032,84.9347494342818,89.1311983954621,90.484885840975,..
Switzerland,CHE,Trade (% of GDP),NE.TRD.GNFS.ZS,90.0752247246359,98.1055969923934,96.1637040990852,91.1530343969445,89.5299012621634,93.9925533540756,100.329813529725,104.517837195761,111.310846704798,114.779395010445,106.930166602863,117.252176584223,122.496172556825,123.682364450627,131.796551489736,116.860116363191,112.730195002734,119.972219531386,119.508030758233,120.032795961791,119.438495616095,..
Syrian Arab Republic,SYR,Trade (% of GDP),NE.TRD.GNFS.ZS,64.3084049166638,63.9714340802298,64.6133318891028,68.613878643132,62.0390946253036,79.8662867336549,82.0125178069061,78.2278680332556,76.4764759845497,..,..,..,..,..,..,..,..,..,..,..,..,..
Tajikistan,TJK,Trade (% of GDP),NE.TRD.GNFS.ZS,133.60594795539,175.351206134214,146.657305562056,138.6839688324,137.669592976856,128.338170674363,126.994699303416,141.153912074728,145.528099715723,114.480149093579,85.9781370434108,73.493044509473,79.7842446734573,83.1759445401528,71.7437428882341,54.6071596053705,52.7301910606978,54.9733751108223,56.6427441599017,..,..,..
Tanzania,TZA,Trade (% of GDP),NE.TRD.GNFS.ZS,25.0134522316518,23.980867699183,28.020506467552,27.4897630463662,30.4383675184056,33.5982316952082,36.9592732888675,42.7681664695131,48.0583947791253,49.0265445505002,43.5326006451782,47.6404394303252,56.1661241825971,54.369588009896,48.6306153506748,45.3560221042122,40.7576802266343,35.4204700249486,32.2389410060768,..,..,..
Thailand,THA,Trade (% of GDP),NE.TRD.GNFS.ZS,100.706288704433,121.297955351472,120.267966273533,114.969743021067,116.692819704865,127.411873720393,137.853866832247,134.086946191268,129.873226989717,140.437011540931,119.269418854589,127.250522638251,139.675407224576,137.67493851024,132.462274174269,130.905525127508,124.839816573159,120.556569958942,120.907921976946,120.899245073744,110.394165262148,..
Timor-Leste,TLS,Trade (% of GDP),NE.TRD.GNFS.ZS,..,175.544549411735,166.692009236424,180.390643655033,122.321601353017,107.348781994718,74.6793700020205,98.8748909201491,128.760842254898,135.257158638794,157.698502754782,134.412944309138,139.135892621909,129.927313571351,79.6443645636917,82.747803962575,59.9236721176249,59.941751181958,56.8627359030589,63.4203945406835,83.6889816860875,..
Togo,TGO,Trade (% of GDP),NE.TRD.GNFS.ZS,67.8895280769516,68.6660318077529,72.6030501025113,72.8769323937738,78.2179323340136,81.7168437127658,86.77530132651,87.0059941653751,85.8807485153984,84.6488707196632,85.7607678624351,91.2036693268461,108.106730758166,104.410829201099,112.761002293784,97.4644223622392,93.6597840339157,88.6679962346874,76.845916208041,75.667524717917,71.6546045136006,..
Tonga,TON,Trade (% of GDP),NE.TRD.GNFS.ZS,50.5284889078273,52.8179835799972,58.2314338441947,73.5146421780077,76.0726147647398,76.1814095153977,74.7095809609664,66.4809724391936,70.4414052130533,68.6624461443502,78.1388602594987,73.1896104241153,78.7838092467914,78.0414916622724,82.9404733671314,75.627314058689,87.394570644322,90.2232696279469,87.6154121368254,86.8614009197371,87.6092013449047,..
Trinidad and Tobago,TTO,Trade (% of GDP),NE.TRD.GNFS.ZS,..,..,..,..,..,..,..,..,..,..,..,..,..,..,..,..,..,..,..,..,..,..
Tunisia,TUN,Trade (% of GDP),NE.TRD.GNFS.ZS,77.9051139411665,82.4559257711504,89.5519191091931,85.3416571939188,82.390107793166,86.9482937078062,90.2512478803945,93.937850897226,104.075472152244,114.354832289326,93.0168787876722,104.149109104029,104.529074833856,106.531076947568,103.449904916021,100.826187714399,91.014664224794,90.7802737529096,100.003842239714,109.77799521222,109.377399095261,..
Turkey,TUR,Trade (% of GDP),NE.TRD.GNFS.ZS,37.6649220191235,42.3544370330635,49.8714751220998,47.9823940332313,46.2250976280391,48.8258381473605,46.1423570467245,48.7628710673919,47.850816750065,50.5482538971582,46.7870669463468,46.6944652243697,53.3041756411022,52.8308026527782,52.5272987987813,53.766301167611,51.0885435992822,48.3281862353685,55.7621687511676,62.5474067902739,62.6828637382741,..
Turkmenistan,TKM,Trade (% of GDP),NE.TRD.GNFS.ZS,90.4761904761905,103.580317825005,81.9858549438358,63.7046861184792,63.201750694386,59.3199674884855,53.9723419741336,52.4473010022922,56.2777777777778,94.7240751970891,104.95217927132,96.8630558404027,111.062833823441,109.333652637251,98.5928226795449,91.0934829576602,81.2999305660859,62.0279554607913,53.5753567069955,35.1633909045029,..,..
Turks and Caicos Islands,TCA,Trade (% of GDP),NE.TRD.GNFS.ZS,..,..,..,..,..,..,..,..,..,..,..,..,..,..,..,..,..,..,..,..,..,..
Tuvalu,TUV,Trade (% of GDP),NE.TRD.GNFS.ZS,..,..,..,..,..,..,..,..,..,..,..,..,..,..,..,..,..,..,..,..,..,..
Uganda,UGA,Trade (% of GDP),NE.TRD.GNFS.ZS,36.0247101570245,32.7490333383822,35.3299767816294,36.2777941575217,36.5857264653029,35.4600862458745,38.9942854848779,43.6332857896204,46.7774166520615,56.2582682052931,47.2668370479931,38.4342819205183,39.9266665907921,43.6897364078169,43.2950594378797,36.1697101246277,37.8518302267289,31.3439497437959,36.8370529331773,36.6547553989727,39.5658874934212,..
Ukraine,UKR,Trade (% of GDP),NE.TRD.GNFS.ZS,101.95170508974,119.858293643794,104.001156913785,100.656500731415,107.458702131165,113.771840267304,97.1767784300521,91.4617142058268,90.8135389367343,96.9473071834836,89.8663384674734,98.1400774172508,106.241812443317,104.093063917549,95.1496657789596,100.691782483624,107.806616298156,105.521204913122,103.71784138917,99.1189958085669,90.1737901314459,..
United Arab Emirates,ARE,Trade (% of GDP),NE.TRD.GNFS.ZS,..,..,89.8645799289427,93.0716588147781,102.300169490783,116.622612523831,119.552871642254,119.470669577786,136.798152865771,148.513544025723,153.461944358373,143.877531844201,151.665953575846,164.249347960724,165.275953290011,168.492307775439,175.221307567909,176.747648042171,175.004350438256,159.728773540957,160.936092884595,..
United Kingdom,GBR,Trade (% of GDP),NE.TRD.GNFS.ZS,49.2357372070727,52.1319288715111,52.2736268066371,50.7986302716023,49.9157040225086,49.9739419207834,52.3497537016374,56.2559537006339,52.4590259133152,56.1301087908846,54.3518422190244,58.5464880734266,62.3048541255971,61.1224180512883,61.1818356789624,58.3983900870264,56.6830960052084,58.4982853740881,61.9451388664298,62.6190596109507,64.2877735623301,..
United States,USA,Trade (% of GDP),NE.TRD.GNFS.ZS,23.2734726597002,25.0436352248928,22.8429578317059,22.1542717779622,22.4771005698784,24.3524067400051,25.5559940385039,26.9001486081178,27.9558020609526,29.8867980581803,24.6415634555134,28.0579522804396,30.7892940559817,30.5681839448303,30.0130072136753,29.9595878225179,27.7551551886786,26.5395162865291,27.1763762453575,27.5355879724925,26.3141535483273,..
Uruguay,URY,Trade (% of GDP),NE.TRD.GNFS.ZS,33.3864489503994,36.7137381356555,36.3095126323604,40.0290673168989,51.7591995675382,61.4766880867684,58.8776963190158,61.9715745056577,59.2104478541981,65.2080950074579,53.3944192780653,51.6990371970696,53.2470340041687,55.0611541612456,49.7178464678689,49.0876240626168,45.3282408087844,41.3102262369826,39.7639193153459,39.9922435701169,41.0301020716761,..
Uzbekistan,UZB,Trade (% of GDP),NE.TRD.GNFS.ZS,36.6188588125863,44.0540299791129,56.776277587152,58.954524710746,70.4592746850874,76.5956691950086,69.5252584247083,67.4712921717973,74.4141929762327,79.7479920348578,68.673142199791,47.6571858002829,46.5965394757339,41.5081137355414,41.0515349480388,35.9493162198779,30.4410865014844,29.7484086618273,45.678901782288,66.6279846107879,73.0168777978818,..
Vanuatu,VUT,Trade (% of GDP),NE.TRD.GNFS.ZS,91.232330240222,87.1557917790657,87.7721451440768,91.6997236888901,91.5679895901106,98.7059775016543,100.173820339297,89.5377779606278,88.452694433112,102.780528186732,105.38706061211,99.3653551655083,94.3053066753207,99.9268107436305,99.1200875954777,97.9471362297589,..,..,..,..,..,..
"Venezuela, RB",VEN,Trade (% of GDP),NE.TRD.GNFS.ZS,42.0702304843238,47.8572215529808,42.141268017362,48.5757106494068,50.5770073781941,55.367455602322,60.1273297561422,58.6655915584603,56.1990954818909,51.8290123789932,38.5209296583297,46.1368935240203,49.6381215967995,50.4035673803654,54.2777612672313,48.0908135255646,..,..,..,..,..,..
Vietnam,VNM,Trade (% of GDP),NE.TRD.GNFS.ZS,102.787406603658,111.417094419784,111.955937998712,116.696868653395,124.327954439793,133.016497868887,130.714846045026,138.313621869598,154.605383996554,154.317479627758,134.706317721758,152.217368576179,162.914550268357,156.553930324559,165.094236972632,169.534513197029,178.767414715772,184.686278311417,200.38458042639,208.306665858343,210.400245273256,..
Virgin Islands (U.S.),VIR,Trade (% of GDP),NE.TRD.GNFS.ZS,..,..,..,281.676353624962,360.700839849406,433.640431692551,500.653300292859,548.290408525755,556.922756610452,860.8,507.066381156317,583.314127679189,675.678225996697,156.092796092796,140.350877192982,160.795140806184,155.389541088581,150.763655190267,151.076523994812,..,..,..
West Bank and Gaza,PSE,Trade (% of GDP),NE.TRD.GNFS.ZS,96.3452893800337,87.6390949554896,82.7259784699153,76.2528826143203,76.398689516129,81.1235906237101,83.8363540589578,82.6374735897388,91.9992434272745,79.4799190194791,75.1511928466305,68.4976501575169,67.2495329024414,66.9293273483831,66.2713181162369,67.7398371659149,70.7809681944405,65.4225141833383,68.4486607142857,71.4012754506469,69.2051563132009,..
"Yemen, Rep.",YEM,Trade (% of GDP),NE.TRD.GNFS.ZS,..,..,..,..,..,..,..,..,..,..,..,..,..,..,..,..,..,..,..,..,..,..
Zambia,ZMB,Trade (% of GDP),NE.TRD.GNFS.ZS,59.7675342029156,60.3874689884965,64.668282708979,64.9164969990648,62.3128446757629,70.8130749317722,62.200282191364,57.8568188739027,65.7714586909068,59.4548891205874,56.1213809555165,67.9009190299719,76.2147282587101,79.1007044966056,80.4560202470082,76.1936630889598,79.8654168098113,73.958561254616,71.5856946542566,74.8882466430453,68.7910427393667,..
Zimbabwe,ZWE,Trade (% of GDP),NE.TRD.GNFS.ZS,70.9226598006936,74.0674111297806,67.8978721688913,66.8073515648499,70.4519882160597,76.0396085957306,76.0437072796166,82.820648776111,84.1729044270467,109.521637189894,61.7784377822356,83.1241904352153,89.4665267679892,74.1625347237197,58.6564939956063,54.6716154208067,56.7488111052137,51.2190246437312,50.0282958016651,50.0053614411136,..,..
Arab World,ARB,Trade (% of GDP),NE.TRD.GNFS.ZS,66.3443702666664,71.0745435610824,72.72506132892,74.1464134828148,80.3138260792922,85.34450026902,89.3569078295809,89.892607363258,93.829385382344,98.2191366215136,90.3611298775127,89.027139079902,92.258986436263,93.9468677286824,94.2849449781627,93.2733895243547,88.6286068402618,82.5994492464304,86.1785968243827,86.307775092246,83.9170355683774,..
Caribbean small states,CSS,Trade (% of GDP),NE.TRD.GNFS.ZS,..,..,..,..,..,..,..,..,..,..,..,..,..,..,..,..,..,..,..,..,..,..
Central Europe and the Baltics,CEB,Trade (% of GDP),NE.TRD.GNFS.ZS,74.2115225781275,80.7202364440949,81.2907716321358,80.0385950663134,84.2206916707264,91.3579726452856,94.209491014303,102.463270546311,105.304896415184,104.774536102744,93.4512259355284,105.033646184242,113.726763056276,117.168159250922,118.169610427964,121.231960738346,121.545441934571,122.377486716374,125.865890967602,126.874521312452,124.554570086981,..
Early-demographic dividend,EAR,Trade (% of GDP),NE.TRD.GNFS.ZS,45.0707344747302,48.4515015493052,47.2931769551017,49.3549943228368,50.1872162426538,54.2564170083617,56.5956328817599,58.0819501632843,58.2127399997174,60.7648879263169,52.9211360498791,55.0289920841291,58.0960716070791,58.2418681416254,57.5354402190508,55.5992638998517,52.2077948484649,50.5681581431784,52.8685802240215,57.0236568391871,54.1785632203335,..
East Asia & Pacific,EAS,Trade (% of GDP),NE.TRD.GNFS.ZS,46.5257249859241,51.4637724162286,50.2264087197114,51.3959444858,56.0529435873565,62.0963404659736,64.6642687026091,67.367183142666,67.2063061199411,68.5413002682099,56.5414161141972,62.1936765098577,64.5178834063688,63.4672229785161,63.3391226950549,62.9522579265699,57.7366355090354,53.9081296780953,56.1242943561177,57.4676780531751,..,..
East Asia & Pacific (excluding high income),EAP,Trade (% of GDP),NE.TRD.GNFS.ZS,48.2143801154238,53.9953322142201,52.5772815878404,54.6918738254739,61.4478123145385,69.0792905532654,71.5390762822356,72.538478994447,70.0977080428338,66.565819018061,53.8416912646584,59.1599424547802,59.6461489488021,57.3162271973054,55.8277130254231,54.2893810642681,49.2842176691745,46.7985591037544,48.2063143629068,48.5403563152634,45.9005582898556,..
East Asia & Pacific (IDA & IBRD countries),TEA,Trade (% of GDP),NE.TRD.GNFS.ZS,48.2143801154238,53.997763504428,52.5791629172499,54.6899315887743,61.4457426355467,69.077541073714,71.5367082145594,72.5361564801595,70.0953832424112,66.5644151789475,53.8419462210409,59.1598025257258,59.6467911965815,57.3166459170759,55.8287406161725,54.2906557625032,49.285343676081,46.7991287589743,48.2064985471113,48.5401615107127,45.9013097980025,..
Euro area,EMU,Trade (% of GDP),NE.TRD.GNFS.ZS,62.3384948679449,70.041008187919,69.2132636854201,66.8275804155542,65.4713576127269,68.3141131588435,71.467072975308,75.7000010111239,77.5440513951123,78.6161953892744,68.302010179441,76.2740814015609,81.6667229262318,83.3165224908823,82.8512998412731,83.5641489593212,84.9188590222104,83.6816441449887,86.9347142825104,88.3746477522363,88.1867506211613,..
Europe & Central Asia,ECS,Trade (% of GDP),NE.TRD.GNFS.ZS,62.7009847481562,69.1864118095802,68.2314969160855,66.0027181035988,65.1609271512537,67.5897045069242,70.0986493388949,73.8330190571284,74.7483859629883,76.3778534933864,67.6673201004827,74.2227910888608,78.9835092602652,79.9421091352689,79.5341280731302,79.6474764874085,80.2726058508912,79.6610079858429,82.6454104286312,84.4462208306526,84.3278374313841,..
Europe & Central Asia (excluding high income),ECA,Trade (% of GDP),NE.TRD.GNFS.ZS,64.2847700285381,67.3834920871693,64.7504859377934,63.3097280966024,63.5825724138322,64.3162837239959,62.4420100442929,61.7777703884185,60.2779873895676,62.5145668036342,55.8502439515753,57.4166283270063,59.8810506695259,59.2466737971678,57.1393070681961,58.1620079936635,58.0649914534831,56.4512476744102,59.0591772928285,63.5222876415275,62.1411242164664,..
Europe & Central Asia (IDA & IBRD countries),TEC,Trade (% of GDP),NE.TRD.GNFS.ZS,62.5881334285727,65.6621523645459,63.4548652322984,62.8308248380332,64.3559947824716,65.4424572187102,63.7625328022268,64.4272407863082,63.7249962635622,65.5725344132164,58.9537542503111,61.824552945635,65.0036636871294,64.8644650305349,63.442851840705,64.8496226479085,65.1589691373752,64.6064377148224,67.4825400696578,71.5013909291275,70.2290038863795,..
European Union,EUU,Trade (% of GDP),NE.TRD.GNFS.ZS,63.5328437037027,71.1582064499617,70.3633067778445,68.0766665768403,67.0880135750369,70.1702810495224,73.3694533943406,77.9513724253233,79.8959972969586,81.0149287793642,70.6460365429695,78.5045618138462,83.9515143490479,85.6301615860508,85.1348922086615,86.1275404383974,87.4112099636796,86.26575371891,89.4674494107243,90.9985641470839,90.7850792675358,..
Fragile and conflict affected situations,FCS,Trade (% of GDP),NE.TRD.GNFS.ZS,55.018165102167,56.6098081201545,55.1492824247945,57.8442786227069,65.0737996917757,61.799808732634,62.4964768388345,61.5741224911331,59.2888224029251,58.8593909099085,51.3858991148611,57.7985914772419,59.0400190645972,58.1928943140923,58.6191781219876,57.3620475483134,..,..,..,..,..,..
Heavily indebted poor countries (HIPC),HPC,Trade (% of GDP),NE.TRD.GNFS.ZS,52.1035016771013,55.0513687150821,54.8375324514973,57.7561702277453,58.0944491432322,62.1044351304507,64.9060241868613,62.6561224202824,65.4026584028717,66.3708020660387,59.2130177390556,63.9524745441953,65.9510513273438,65.4055505739455,61.8420200058309,60.7322228816328,56.889023098791,54.5474984076252,55.1837073073233,57.411287259062,55.6528689444814,..
High income,HIC,Trade (% of GDP),NE.TRD.GNFS.ZS,47.0169696095439,51.5585003904231,50.3710508157867,49.1882629307429,49.4004508025244,52.2481581521069,54.5886344956585,57.6780829553876,59.0172609239313,61.4707205098966,53.254639436475,58.5584106031322,62.5867626012106,63.028766138098,62.890519752476,62.9916999786708,61.4569613611955,59.7326516040871,61.7546639066375,62.8441795010624,65.3601089472586,..
IBRD only,IBD,Trade (% of GDP),NE.TRD.GNFS.ZS,46.1230025896921,50.5690326417553,49.5509193279995,51.3434269238481,55.051178555372,59.4389954974854,60.677273310443,61.4878971544978,60.3982676671389,60.702576783234,51.4471283169827,54.7882520326986,56.7560976763492,55.8816965688832,54.8266942687566,53.6219780195995,50.8820693339648,49.3043089304626,50.854858611034,53.5368608038155,51.5463033668762,..
IDA & IBRD total,IBT,Trade (% of GDP),NE.TRD.GNFS.ZS,46.0537560667552,50.3492473886829,49.4482514652297,51.069070559333,54.6771457762093,58.7348654121017,60.0171328679877,60.890158520984,59.8866768212837,60.2406805341834,51.1953115289795,54.582854792463,56.5909732996154,55.6855906334742,54.478144779659,53.2871247593864,50.466453639913,48.8680504544923,50.430444560695,53.1633997145647,51.2278653124402,..
IDA blend,IDB,Trade (% of GDP),NE.TRD.GNFS.ZS,39.3899024470589,45.2445329032299,47.441505221915,43.5162001246936,48.7888127263505,41.2038335535104,41.4738846521757,46.312938763247,45.1681404109392,47.6880003313022,41.9365281337515,44.2415818116245,49.4162580193147,44.360848969329,37.7487984920818,36.4789307442848,30.3079469667922,28.4450127721545,31.7370660268966,37.3409343081381,38.1529405717764,..
IDA only,IDX,Trade (% of GDP),NE.TRD.GNFS.ZS,50.3304124750919,48.3017663475272,48.1505183172711,49.59585586894,48.7291047155352,53.2977787562449,56.5356152878462,55.7691624400334,57.4918600732833,57.2041734282473,51.8352705445707,57.7556170078565,57.9798694760711,59.8659883363895,58.8131134016133,58.0963569390626,56.0409319562366,54.1574583354499,54.5481392463,56.4095526572877,53.5932443181772,..
IDA total,IDA,Trade (% of GDP),NE.TRD.GNFS.ZS,44.9002615075478,46.8507637033113,47.8140115064927,46.7267976245918,48.757281600525,47.5905093564212,49.487433721876,51.3357711548378,51.7256410150764,52.5671975527545,47.0118789049817,51.1705901754205,53.9275940296833,52.5175603186937,48.8543755853767,47.8935607816073,43.8890087218606,41.8962780341538,43.6106161386759,46.9634060711551,45.6157476319768,..
Late-demographic dividend,LTE,Trade (% of GDP),NE.TRD.GNFS.ZS,49.6916348225706,54.1605396976392,54.2875600559123,55.9584648848453,60.8210530366535,66.0235160991154,67.3114104283439,68.4637780071131,67.4997397977047,66.5048660848036,56.844072971304,61.0203584881301,62.5307068786403,61.5355796834698,60.4945094910927,59.9034256649518,57.7899927979076,56.1369225673973,57.0103069906221,58.0522513860397,56.3596427268495,..
Latin America & Caribbean,LCN,Trade (% of GDP),NE.TRD.GNFS.ZS,36.3992681546344,38.3086070805654,38.4472051374117,40.8847075184258,42.798021037957,45.043097667835,44.9104505312692,45.4054887862418,45.3205273453874,46.9573201321026,40.128722369798,42.7632206541521,45.175011422592,44.8159799350737,44.2592167027916,43.1939220951152,43.6465350609357,43.457360107048,43.6664844734954,47.3153110623774,45.9508047246634,..
Latin America & Caribbean (excluding high income),LAC,Trade (% of GDP),NE.TRD.GNFS.ZS,33.8675937189778,35.6551094484584,35.6432048266095,38.0970847982707,39.7246648073513,41.7996786328786,41.4180538903436,41.729466824116,41.4418911570448,42.5590508809536,36.6504050520818,39.2517927564007,41.380944951266,41.7678897552315,41.475928353403,40.4676034983558,41.2151209694216,41.2744272899595,41.4707804983754,45.5949741291896,45.1306216506861,..
Latin America & the Caribbean (IDA & IBRD countries),TLA,Trade (% of GDP),NE.TRD.GNFS.ZS,35.374033842924,37.3248843877336,37.460492136823,39.8619615997703,41.559572536549,43.7553686195647,43.4102841582491,43.8328133389749,43.7298994615576,45.0362390930097,38.6856327172835,41.237067217974,43.4186074461755,43.6339484372501,43.0741896929669,42.0637881293028,42.5790978719347,42.4391919585188,42.629372312926,46.6498854652252,45.8573245893287,..
Least developed countries: UN classification,LDC,Trade (% of GDP),NE.TRD.GNFS.ZS,..,53.5219830910105,53.9082612904626,48.7850748252416,48.0131429353266,50.1661771745265,53.4280286150066,53.0175630835043,57.2207727986869,60.8373434211414,56.8990562411757,59.3361514466096,57.8616012074648,58.1102949688478,58.6656808874574,57.0121339794301,53.3244223820619,50.8104230437685,50.5989771522863,54.6525149679172,52.2811547280311,..
Low & middle income,LMY,Trade (% of GDP),NE.TRD.GNFS.ZS,45.3910236019922,49.7235045640852,48.7575737969454,50.3551803208745,53.8672630454034,57.9811033111417,59.3481076965098,60.0102237631191,58.8339935577853,59.1260815645271,50.0608291015095,53.2910384456348,55.1352330812439,54.1558577678793,52.9193877933536,51.5731306618375,48.5899832896681,46.8223108532133,48.3095298422813,51.0704740460785,49.1678350480107,..
Low income,LIC,Trade (% of GDP),NE.TRD.GNFS.ZS,46.033435516175,46.6506126912372,45.6106944750567,51.7362870391683,50.4485222017587,57.5460017650754,60.7334371533106,60.2075238792047,61.961579198044,..,..,..,55.5547842367073,..,..,..,..,..,..,..,..,..
Lower middle income,LMC,Trade (% of GDP),NE.TRD.GNFS.ZS,45.0028524905442,50.0518196417375,49.2185476556877,49.0062583216143,51.1775408540916,54.7241453716079,56.8824250528118,58.7231109055148,59.5606392482336,64.2295434604795,56.4303275388371,59.3142871282733,63.2254354179487,62.0366641728205,59.4538576202446,57.1626882040727,52.8637619455753,51.1440778664982,53.7388133647635,57.2311167274476,54.4746281787643,..
Middle East & North Africa,MEA,Trade (% of GDP),NE.TRD.GNFS.ZS,62.1014416223439,67.0654421868212,68.1277975824424,70.6858388017914,75.9128944888766,80.3934859902108,84.0806682071707,84.4167276669989,86.9558123821092,89.6042675720511,81.82983260193,81.1350624064359,83.9112924216055,86.1893487295923,86.3719551816421,84.4212883955627,79.6983216963002,75.627804703251,79.1191856065079,82.2804883133753,78.4632283681272,..
Middle East & North Africa (excluding high income),MNA,Trade (% of GDP),NE.TRD.GNFS.ZS,54.8164660779914,58.441006643959,58.2070657261917,62.7780133402215,68.4923519532729,70.3141444845875,73.085474440064,70.3088110606321,69.3638294938275,71.8131949152808,63.5726864420629,62.9086202385295,62.2499179137058,63.6217867659818,65.4788450393396,62.9906216019726,57.3170806035349,54.2596059860934,60.7058401566059,68.9896843424479,65.9462665263727,..
Middle East & North Africa (IDA & IBRD countries),TMN,Trade (% of GDP),NE.TRD.GNFS.ZS,54.5292906709272,58.2390993364639,58.0375153226867,62.6848334530675,68.4376789448064,70.2393962290792,73.0111311771115,70.2235572923131,69.2073036475947,71.7576975505492,63.4888727317678,62.8681627461645,62.2137270383362,63.5978443645635,65.4731135059203,62.9562730688628,57.2197035141026,54.1788706485092,60.6498404815631,68.9722425952979,65.922676295048,..
Middle income,MIC,Trade (% of GDP),NE.TRD.GNFS.ZS,45.382454488851,49.7643445099255,48.7993970651858,50.3368316377788,53.9126827016077,57.9868838495154,59.3296999596727,60.0076023828483,58.7924448517661,59.118235175403,50.0330451581302,53.2579852596108,55.1299528177944,54.1738701787023,52.9277085383878,51.5775741690789,48.6026178043595,46.8150763332877,48.3049042044132,51.0988520515086,49.2033475665976,..
North America,NAC,Trade (% of GDP),NE.TRD.GNFS.ZS,28.4570848272602,30.3071620113841,27.9050189279292,27.0388389225411,26.7978931708135,28.534301323326,29.5878926356189,30.6529153042943,31.4499512372966,33.2722465237474,27.7254516849154,31.0073891341599,33.6986950969226,33.4921815752679,32.9556179085363,33.1019910361407,31.2591309176875,30.0813752439144,30.6301030552034,31.0565444108879,29.8427917845306,..
Not classified,INX,Trade (% of GDP),NE.TRD.GNFS.ZS,..,..,..,..,..,..,..,..,..,..,..,..,..,..,..,..,..,..,..,..,..,..
OECD members,OED,Trade (% of GDP),NE.TRD.GNFS.ZS,43.2702536858002,47.3954572800121,46.1695697604008,44.7820712137348,44.4894819719921,46.80849050622,48.8307156121834,51.7095444423132,52.9358612493759,55.0105899369193,47.6565362563643,52.4719668695834,56.3421388551423,56.8398925581215,56.6596334018551,56.9765520082706,56.1259970484769,54.8877747317423,56.9362274261686,58.2347778123849,60.6067467162257,..
Other small states,OSS,Trade (% of GDP),NE.TRD.GNFS.ZS,106.870572470235,108.178641786004,108.292924694298,105.126574293595,102.707497965874,103.697961061929,107.083324641252,110.343141449709,110.313429453389,110.965507529982,101.404049204444,106.727933000766,118.728740878758,123.699971133486,122.561651468324,118.528353157611,114.353314361521,109.700891966409,110.682813621693,111.753295538539,105.438452271871,..
Pacific island small states,PSS,Trade (% of GDP),NE.TRD.GNFS.ZS,107.003631125842,114.845452766066,109.995082072787,106.495684024257,107.295810567387,106.603110574758,104.924401351482,103.244415259992,100.399576424957,114.579708813418,102.965188662577,109.807496035842,113.499948709154,115.041696421797,115.615607874086,107.28064230476,101.228087920955,98.6895383051296,97.7216745020149,101.497980368013,..,..
Post-demographic dividend,PST,Trade (% of GDP),NE.TRD.GNFS.ZS,45.2008750107876,49.6359579560954,48.1782980688337,46.8276649416082,46.786276126227,49.3567249956519,51.5869882518393,54.4999861580137,55.6105375641616,58.0450631399385,49.9034813387318,55.0684311947172,59.0765041782784,59.4993409637135,59.392776053296,59.4810549984151,58.0926995382899,56.3996944661858,58.5092904274707,59.7112954544054,62.2287226298652,..
Pre-demographic dividend,PRE,Trade (% of GDP),NE.TRD.GNFS.ZS,59.8437369691688,72.2578243433918,72.8266232402534,66.0218029072901,74.1081893970814,64.8206298812317,66.4577212666997,63.3433659919472,62.5005157442625,66.1027787109083,61.7750316659828,62.8575945897501,65.967303702806,61.9590743480193,56.8861261491868,55.924832445983,49.0653047898399,46.1397558859441,48.1737111057101,53.6627731205513,53.047132258457,..
Small states,SST,Trade (% of GDP),NE.TRD.GNFS.ZS,105.926874254203,107.551365335012,107.007219329814,103.854221007126,102.064841826437,103.206746605969,106.400438209297,109.14494935506,109.105410361718,110.574417239792,100.034600488645,104.855225612715,116.155171739147,120.395009266973,119.539671886873,115.906964255526,111.458071414836,107.156995668424,108.321094314926,109.610199927473,103.644221901117,..
South Asia,SAS,Trade (% of GDP),NE.TRD.GNFS.ZS,27.3759830455568,28.7279998445607,28.1829588288625,30.6454069173962,31.6106056492661,37.0700954734944,41.4557195046207,44.9878554518271,44.7419124978548,51.2447680113461,44.6590240361154,46.9328774021609,52.8697261691502,52.9544138741051,51.2942857523061,47.1427287459629,41.0012307318162,38.9912751410038,39.4503157045885,42.1967535392555,39.0917569777727,..
South Asia (IDA & IBRD),TSA,Trade (% of GDP),NE.TRD.GNFS.ZS,27.3759830455568,28.7279998445607,28.1829588288625,30.6454069173962,31.6106056492661,37.0700954734944,41.4557195046207,44.9878554518271,44.7419124978548,51.2447680113461,44.6590240361154,46.9328774021609,52.8697261691502,52.9544138741051,51.2942857523061,47.1427287459629,41.0012307318162,38.9912751410038,39.4503157045885,42.1967535392555,39.0917569777727,..
Sub-Saharan Africa,SSF,Trade (% of GDP),NE.TRD.GNFS.ZS,47.7237489689836,61.5703838669042,62.4969466003775,59.4380990267772,58.5973607753726,55.9120935794792,58.4925985199052,60.7279387974674,63.3563350442779,68.2846476998161,59.6674933059697,61.6681478630262,65.211646387445,62.4809365049918,58.5041945202988,57.3393357694872,51.9081444560085,49.5903302173822,49.8987523916744,53.4543305942751,53.0754247984841,..
Sub-Saharan Africa (excluding high income),SSA,Trade (% of GDP),NE.TRD.GNFS.ZS,46.8342314621852,60.9158001731703,61.75566021326,58.7799638946421,58.0114204744538,55.3312272200186,57.7833503296786,60.0001416036533,62.7168348123931,67.7246867663273,59.1130295240843,61.0700542700579,64.625203950157,61.8414316025089,57.9396273468919,56.7761220133211,51.3363170087281,49.0482795994957,49.3523329331187,52.9565333476087,52.6055284412891,..
Sub-Saharan Africa (IDA & IBRD countries),TSS,Trade (% of GDP),NE.TRD.GNFS.ZS,47.7237489689836,61.5703838669042,62.4969466003775,59.4380990267772,58.5973607753726,55.9120935794792,58.4925985199052,60.7279387974674,63.3563350442779,68.2846476998161,59.6674933059697,61.6681478630262,65.211646387445,62.4809365049918,58.5041945202988,57.3393357694872,51.9081444560085,49.5903302173822,49.8987523916744,53.4543305942751,53.0754247984841,..
Upper middle income,UMC,Trade (% of GDP),NE.TRD.GNFS.ZS,45.4721479902586,49.6937841163009,48.6965171031266,50.6632690980053,54.5837113080103,58.7873508731451,59.92844276901,60.3218219434545,58.6044050428934,57.8670812520795,48.4671085127906,51.775514349779,53.1477843360516,52.2486752022744,51.3292572019359,50.2097910784712,47.5353328095203,45.730937917046,46.9463834588384,49.5787118058151,47.9111886881002,..
World,WLD,Trade (% of GDP),NE.TRD.GNFS.ZS,46.5437322009217,51.021448842435,49.9008666639539,49.5283555235415,50.7022524084797,53.9189597907436,55.9755095868038,58.3577002924568,58.96384965995,60.7885936200588,52.325462722583,57.0261423308875,60.4167718687342,60.4450243041272,59.9868261173185,59.6662516166582,57.7571704274181,56.0219922625724,57.8912271224332,59.4654244789352,60.2863135538035,..
,,,,,,,,,,,,,,,,,,,,,,,,,
,,,,,,,,,,,,,,,,,,,,,,,,,
,,,,,,,,,,,,,,,,,,,,,,,,,
Data from database: World Development Indicators,,,,,,,,,,,,,,,,,,,,,,,,,
Last Updated: 03/19/2021,,,,,,,,,,,,,,,,,,,,,,,,,
